Season,Team,SeasonAdjEM,MomentumDecay,NGames,MomentumDelta
2010,Arkansas Pine Bluff,-6.44,6.115061422235868,34,12.55506142223587
2010,BYU,23.27,29.74683484816552,35,6.47683484816552
2010,Baylor,24.95,34.527092247984086,35,9.577092247984087
2010,Butler,22.45,27.673033604917325,38,5.223033604917326
2010,California,22.15,32.744069651663544,35,10.594069651663546
2010,Clemson,19.28,28.95976664247653,32,9.67976664247653
2010,Cornell,15.92,27.690165064837657,32,11.770165064837657
2010,Duke,33.29,37.92683383528092,40,4.6368338352809175
2010,East Tennessee St.,2.47,15.798279152373226,34,13.328279152373225
2010,Florida,15.23,25.213946825722584,34,9.983946825722583
2010,Florida St.,18.02,26.366849349052774,32,8.346849349052775
2010,Georgetown,22.64,36.33741145403652,34,13.69741145403652
2010,Georgia Tech,18.22,27.699960300431453,35,9.479960300431454
2010,Gonzaga,16.14,28.598830660483657,33,12.458830660483656
2010,Houston,8.79,19.01597640873169,34,10.22597640873169
2010,Kansas,31.85,33.219351338779,36,1.3693513387789977
2010,Kansas St.,25.52,33.3571404753182,36,7.837140475318197
2010,Kentucky,26.54,34.53288386492944,38,7.992883864929439
2010,Lehigh,-0.97,15.648587415334811,33,16.61858741533481
2010,Louisville,16.91,32.354225805608934,33,15.444225805608934
2010,Marquette,19.65,27.441091479480423,34,7.791091479480425
2010,Maryland,22.37,30.045616554692952,32,7.675616554692951
2010,Michigan St.,20.13,25.610421281279823,37,5.480421281279824
2010,Minnesota,17.97,40.48342407351136,35,22.51342407351136
2010,Missouri,19.99,34.75206064217498,34,14.762060642174983
2010,Montana,8.08,15.599136410782524,30,7.519136410782524
2010,Morgan St.,1.58,11.267688954308905,37,9.687688954308905
2010,Murray St.,15.06,18.95370392946281,34,3.893703929462811
2010,New Mexico,16.18,19.609483548190525,35,3.4294835481905253
2010,New Mexico St.,6.03,22.490823296721114,33,16.460823296721113
2010,North Texas,-0.47,10.719964991576784,31,11.189964991576785
2010,Northern Iowa,18.87,25.793430252266912,35,6.923430252266911
2010,Notre Dame,17.71,27.558468666928796,35,9.848468666928795
2010,Oakland,3.19,14.820975281954635,33,11.630975281954635
2010,Ohio,8.25,20.323084824562695,36,12.073084824562695
2010,Ohio St.,24.99,30.803905893249667,37,5.813905893249668
2010,Oklahoma St.,16.72,34.038519586332605,33,17.318519586332606
2010,Old Dominion,17.51,25.25341038149709,36,7.743410381497089
2010,Pittsburgh,18.66,30.870153136577365,34,12.210153136577365
2010,Purdue,22.05,31.036916163455714,35,8.986916163455714
2010,Richmond,15.01,22.75932869022191,35,7.74932869022191
2010,Robert Morris,-0.97,10.58200708720259,35,11.552007087202592
2010,Saint Mary's,18.59,30.97023322302571,33,12.380233223025709
2010,Sam Houston,7.42,13.989624093519842,29,6.569624093519842
2010,San Diego St.,16.58,23.90927019663875,32,7.329270196638753
2010,Siena,13.86,21.390775431313745,34,7.530775431313746
2010,Syracuse,27.62,33.95628322654642,35,6.336283226546417
2010,Temple,20.12,29.23360077293576,35,9.113600772935758
2010,Tennessee,18.5,30.614913782250778,37,12.114913782250778
2010,Texas,20.75,32.48548810016317,34,11.735488100163167
2010,Texas A&M,21.33,32.459449641084746,33,11.129449641084747
2010,UC Santa Barbara,2.11,13.819167724222602,29,11.709167724222603
2010,UNLV,16.56,26.474018677565883,33,9.914018677565885
2010,UTEP,16.53,25.063515540962943,33,8.533515540962942
2010,Utah St.,19.9,32.65765781569302,34,12.757657815693022
2010,Vanderbilt,17.54,23.759030399974062,32,6.219030399974063
2010,Vermont,3.08,17.610256982633047,35,14.530256982633047
2010,Villanova,21.24,27.788394330051567,33,6.548394330051568
2010,Wake Forest,14.12,33.36285754620743,31,19.242857546207432
2010,Washington,18.19,29.593201679433175,36,11.403201679433174
2010,West Virginia,25.54,33.44446903234323,38,7.904469032343229
2010,Wisconsin,23.56,35.28670858432004,33,11.72670858432004
2010,Wofford,10.12,15.46518258885112,34,5.34518258885112
2010,Xavier,20.87,27.807590906659403,35,6.937590906659402
2011,Akron,4.09,15.709209888193412,34,11.619209888193412
2011,Arizona,19.65,23.303719708911235,34,3.653719708911236
2011,BYU,23.22,31.411729288538922,33,8.191729288538923
2011,Belmont,18.48,26.230702712997427,34,7.750702712997427
2011,Boston University,-0.5,4.7458882193943115,34,5.2458882193943115
2011,Bucknell,6.57,12.025769096976578,33,5.455769096976578
2011,Butler,16.46,21.585784504503867,31,5.125784504503866
2011,Cincinnati,19.41,42.295145702422076,33,22.885145702422076
2011,Clemson,18.16,29.432714692852223,32,11.272714692852222
2011,Connecticut,23.93,31.060449948894902,35,7.130449948894903
2011,Duke,28.42,36.54855993783844,34,8.128559937838439
2011,Florida,20.61,32.584169861553555,33,11.974169861553555
2011,Florida St.,16.76,24.45381725605467,31,7.693817256054668
2011,George Mason,18.3,27.06874726065719,32,8.76874726065719
2011,Georgetown,17.65,36.6724525646459,31,19.022452564645903
2011,Georgia,12.24,24.249688882837795,32,12.009688882837795
2011,Gonzaga,16.45,25.322229204987128,32,8.872229204987129
2011,Hampton,-4.21,2.0840685559912653,31,6.294068555991265
2011,Illinois,20.14,32.37954774883511,32,12.239547748835108
2011,Indiana St.,5.45,16.675230769531655,32,11.225230769531656
2011,Kansas,28.38,30.94148506433422,34,2.561485064334221
2011,Kansas St.,17.42,29.357396943697694,31,11.937396943697692
2011,Kentucky,25.82,29.41847013496377,33,3.598470134963769
2011,LIU,5.43,6.466870433527864,32,1.0368704335278647
2011,Louisville,22.26,33.80332360834766,34,11.54332360834766
2011,Marquette,18.14,34.544944750375286,34,16.404944750375286
2011,Memphis,6.98,20.010684416506013,34,13.030684416506013
2011,Michigan,17.69,29.78685688153034,32,12.09685688153034
2011,Michigan St.,15.08,35.42512035750842,32,20.34512035750842
2011,Missouri,15.54,28.226560040126838,32,12.686560040126839
2011,Morehead St.,7.01,13.949773734810943,31,6.939773734810943
2011,North Carolina,22.18,29.577092994072384,33,7.397092994072384
2011,Northern Colorado,4.05,9.623663479129645,29,5.573663479129645
2011,Notre Dame,23.25,40.53293795731359,32,17.282937957313592
2011,Oakland,13.31,18.845474686355548,33,5.535474686355547
2011,Ohio St.,33.47,36.6524394949164,34,3.1824394949164017
2011,Old Dominion,14.66,21.89024839820762,33,7.230248398207621
2011,Penn St.,14.88,36.24804493561653,33,21.368044935616524
2011,Pittsburgh,27.08,30.12241328037875,32,3.042413280378753
2011,Princeton,9.09,15.530092682915111,30,6.440092682915111
2011,Purdue,24.79,35.406497291372624,32,10.616497291372625
2011,Richmond,16.01,24.47840353922809,34,8.468403539228088
2011,Saint Peter's,2.73,17.916212890662415,33,15.186212890662414
2011,San Diego St.,24.98,31.970785250801217,32,6.990785250801217
2011,St. John's,15.87,28.668209653945734,32,12.798209653945735
2011,Syracuse,22.49,33.479027231734314,33,10.989027231734315
2011,Temple,16.84,23.8302550961753,32,6.9902550961753
2011,Tennessee,12.41,23.018286151108374,33,10.608286151108373
2011,Texas,25.93,32.889028836744686,34,6.959028836744686
2011,Texas A&M,14.62,30.733893166366624,31,16.113893166366623
2011,UC Santa Barbara,3.15,15.160714749497428,29,12.010714749497428
2011,UCLA,13.57,26.094721056392327,32,12.524721056392327
2011,UNC Asheville,1.91,12.092904628148661,29,10.18290462814866
2011,UNLV,17.75,24.98789379276055,32,7.2378937927605485
2011,UTSA,-5.32,1.7758268463585711,29,7.095826846358571
2011,Utah St.,19.32,23.187350677747816,32,3.8673506777478153
2011,VCU,13.49,20.695900182264836,34,7.205900182264836
2011,Vanderbilt,17.33,24.336294355766757,33,7.006294355766759
2011,Villanova,17.83,27.390434987560777,32,9.560434987560779
2011,Washington,21.69,24.56078601037148,33,2.8707860103714786
2011,West Virginia,20.11,31.709647088197105,31,11.599647088197106
2011,Wisconsin,25.84,36.87880819594676,31,11.03880819594676
2011,Wofford,8.17,20.69554898488146,33,12.525548984881459
2011,Xavier,16.02,21.578356472460023,31,5.558356472460023
2012,Alabama,16.69,22.97587888755435,32,6.28587888755435
2012,BYU,12.79,22.190299505468357,31,9.400299505468357
2012,Baylor,21.29,33.41497035883043,33,12.124970358830431
2012,Belmont,16.96,21.953942089807207,33,4.993942089807206
2012,Cincinnati,16.03,25.837758633854612,34,9.807758633854611
2012,Colorado,8.89,22.942879838548834,32,14.052879838548833
2012,Colorado St.,8.17,25.213177235364654,31,17.043177235364652
2012,Connecticut,14.53,27.1276376550334,33,12.5976376550334
2012,Creighton,16.47,22.172480461455322,33,5.702480461455323
2012,Davidson,10.65,16.8347679060911,31,6.184767906091098
2012,Detroit,5.48,16.16774758453882,33,10.687747584538819
2012,Duke,19.7,23.626168873062987,33,3.926168873062988
2012,Florida,22.47,33.630957225528675,33,11.160957225528676
2012,Florida St.,17.14,25.817103992831342,33,8.677103992831341
2012,Georgetown,21.05,31.62878610133417,30,10.57878610133417
2012,Gonzaga,18.39,23.07376734337613,31,4.683767343376129
2012,Harvard,14.34,15.02920038447493,29,0.6892003844749297
2012,Indiana,22.55,32.593964949477765,33,10.043964949477765
2012,Iowa St.,16.69,26.920396868412357,32,10.230396868412356
2012,Kansas,26.91,31.110310471115042,33,4.200310471115042
2012,Kansas St.,17.52,28.057457734754415,31,10.537457734754415
2012,Kentucky,32.59,34.096662608747586,34,1.5066626087475825
2012,LIU,0.75,9.601976576742416,33,8.851976576742416
2012,Lehigh,9.29,12.720640041096944,32,3.430640041096945
2012,Long Beach St.,15.27,20.19595496946564,31,4.925954969465639
2012,Louisville,20.67,28.03693756646362,35,7.366937566463619
2012,Loyola MD,3.91,13.431553604456452,32,9.521553604456452
2012,Marquette,20.22,30.92122175847416,32,10.701221758474162
2012,Memphis,21.9,33.41485706175806,34,11.514857061758065
2012,Michigan,17.52,33.51620324860652,32,15.996203248606523
2012,Michigan St.,27.87,37.31724502374886,34,9.44724502374886
2012,Missouri,25.28,32.64400445406561,34,7.364004454065608
2012,Montana,6.76,14.50668731866694,29,7.74668731866694
2012,Murray St.,15.34,15.150569420529006,28,-0.18943057947099362
2012,N.C. St.,14.22,23.75029644021143,34,9.530296440211428
2012,New Mexico,19.45,28.388168429565134,32,8.938168429565135
2012,New Mexico St.,11.22,19.105894404662042,33,7.885894404662041
2012,Norfolk St.,-1.82,1.46865600741282,32,3.28865600741282
2012,North Carolina,25.44,27.988765281270624,34,2.5487652812706223
2012,Notre Dame,14.22,30.60435571380465,33,16.384355713804652
2012,Ohio,11.88,16.097107691491566,33,4.217107691491565
2012,Ohio St.,30.07,35.88817153685375,34,5.818171536853747
2012,Purdue,16.25,37.178848950001,33,20.928848950000997
2012,Saint Louis,21.2,24.64802787435242,31,3.4480278743524195
2012,Saint Mary's,15.48,22.96936702975667,30,7.489367029756668
2012,San Diego St.,11.16,19.171739550134053,31,8.011739550134052
2012,South Dakota St.,11.62,19.301196735695466,32,7.681196735695467
2012,South Florida,13.13,26.954307159294245,32,13.824307159294245
2012,Southern Miss,10.83,14.77384356263679,31,3.94384356263679
2012,St. Bonaventure,11.78,24.25305750555149,31,12.47305750555149
2012,Syracuse,26.04,25.61499341149653,33,-0.42500658850346795
2012,Temple,14.49,21.37760741886211,31,6.887607418862109
2012,Texas,15.9,28.429699627028842,33,12.529699627028842
2012,UNC Asheville,5.5,16.218592489136217,30,10.718592489136217
2012,UNLV,14.97,21.53524208767085,32,6.565242087670848
2012,VCU,13.45,14.443719536713711,34,0.9937195367137122
2012,Vanderbilt,20.9,33.126603661025115,34,12.226603661025116
2012,Vermont,5.17,9.933005376555268,34,4.7630053765552685
2012,Virginia,15.85,23.485198735364417,31,7.635198735364417
2012,West Virginia,13.56,27.623921158917764,32,14.063921158917763
2012,Western Kentucky,-2.67,8.960241584713748,33,11.630241584713747
2012,Wichita St.,22.36,28.62191091081776,31,6.261910910817761
2012,Wisconsin,24.09,33.88214466302855,33,9.792144663028548
2012,Xavier,12.59,23.535625583969406,33,10.945625583969406
2013,Akron,11.52,18.151051015796515,31,6.6310510157965155
2013,Albany,1.36,11.84721198613711,34,10.48721198613711
2013,Arizona,21.88,26.49006262076199,32,4.61006262076199
2013,Belmont,14.92,17.619805854796162,30,2.6998058547961623
2013,Bucknell,12.72,12.213519101127783,32,-0.5064808988722174
2013,Butler,15.41,26.6913009975067,33,11.281300997506701
2013,California,13.11,24.706749112468202,31,11.596749112468203
2013,Cincinnati,15.57,35.17349908193445,33,19.60349908193445
2013,Colorado,14.62,26.360587553698974,32,11.740587553698974
2013,Colorado St.,19.12,26.511683949629486,31,7.391683949629485
2013,Creighton,21.75,29.232448065914458,34,7.482448065914458
2013,Davidson,11.36,19.849883615272425,32,8.489883615272426
2013,Duke,26.98,32.700304111500785,32,5.720304111500784
2013,Florida,31.18,34.030029291365686,33,2.8500292913656864
2013,Florida Gulf Coast,6.27,12.338081035906582,32,6.068081035906582
2013,Georgetown,21.24,35.006334329522026,31,13.766334329522028
2013,Gonzaga,27.81,35.13589038637254,32,7.325890386372539
2013,Harvard,7.07,11.13774668994942,27,4.06774668994942
2013,Illinois,15.82,34.48187413740678,33,18.661874137406777
2013,Indiana,29.31,37.501235019077555,33,8.191235019077556
2013,Iona,7.45,9.635443983062624,33,2.1854439830626236
2013,Iowa St.,17.63,29.63266596682519,33,12.002665966825191
2013,James Madison,-0.92,9.142357843861033,34,10.062357843861033
2013,Kansas,25.23,35.36269806249747,34,10.132698062497472
2013,Kansas St.,18.16,31.213159603500888,33,13.053159603500887
2013,La Salle,13.89,29.130948074790314,30,15.240948074790314
2013,Louisville,32.92,36.825103622031115,34,3.9051036220311133
2013,Marquette,18.32,27.07467921077833,31,8.754679210778331
2013,Memphis,16.33,19.52069143187991,34,3.1906914318799124
2013,Miami FL,22.37,27.05653873729942,33,4.6865387372994185
2013,Michigan,27.86,29.77353599598954,32,1.913535995989541
2013,Michigan St.,24.17,30.50995667858349,32,6.339956678583487
2013,Minnesota,19.85,32.196343567751036,32,12.346343567751035
2013,Mississippi,16.95,23.358685315958002,34,6.408685315958003
2013,Missouri,18.53,27.731835767835136,33,9.201835767835135
2013,Montana,2.14,9.827425845772547,29,7.687425845772546
2013,N.C. St.,16.99,27.354810295778634,34,10.364810295778636
2013,New Mexico,19.02,27.707249713711683,34,8.687249713711683
2013,New Mexico St.,7.68,14.755975090628942,33,7.075975090628942
2013,North Carolina,17.14,31.894335990379524,33,14.754335990379523
2013,North Carolina A&T,-5.3,3.8896936034217218,34,9.189693603421722
2013,Northwestern St.,2.82,8.893469171658236,27,6.073469171658235
2013,Notre Dame,16.65,35.837902765445584,34,19.187902765445585
2013,Ohio St.,25.42,35.53610235254604,33,10.116102352546037
2013,Oklahoma,13.8,24.667995310491115,31,10.867995310491114
2013,Oklahoma St.,18.69,26.64419259692073,32,7.954192596920727
2013,Oregon,16.78,25.025874583026194,34,8.245874583026193
2013,Pacific,3.96,11.04764273287906,32,7.08764273287906
2013,Pittsburgh,24.08,31.83422398043041,32,7.75422398043041
2013,Saint Louis,20.01,29.44180782726822,33,9.43180782726822
2013,Saint Mary's,19.33,30.097174415998474,32,10.767174415998475
2013,San Diego St.,17.43,26.765100638823117,30,9.335100638823118
2013,South Dakota St.,6.79,15.45453724518982,31,8.66453724518982
2013,Southern,0.5,1.566355391327175,29,1.066355391327175
2013,Syracuse,24.83,35.57432011231263,35,10.744320112312629
2013,Temple,12.67,17.23644853774766,32,4.566448537747659
2013,UCLA,14.53,24.496799843491488,34,9.966799843491488
2013,UNLV,16.07,25.502005258000565,33,9.432005258000565
2013,VCU,20.28,26.302703703495972,34,6.022703703495971
2013,Valparaiso,11.42,17.33495515763189,32,5.914955157631889
2013,Villanova,13.57,32.71793011109643,32,19.14793011109643
2013,Western Kentucky,-0.41,8.530275286827148,34,8.940275286827148
2013,Wichita St.,20.31,24.57362349794658,34,4.263623497946583
2013,Wisconsin,22.57,37.63381594450024,34,15.063815944500242
2014,Albany,-1.04,13.504552871510102,32,14.544552871510103
2014,American,4.57,16.055790376756505,32,11.485790376756505
2014,Arizona,30.11,37.868551969831216,34,7.758551969831217
2014,Arizona St.,14.82,32.16926642986169,32,17.349266429861693
2014,BYU,13.77,21.3742750130516,33,7.604275013051602
2014,Baylor,19.39,29.797181348941187,33,10.407181348941187
2014,Cal Poly,-0.82,18.870659391089934,30,19.690659391089934
2014,Cincinnati,19.24,23.94705808958685,33,4.707058089586852
2014,Coastal Carolina,-4.98,2.9470474826956288,30,7.927047482695629
2014,Colorado,11.2,29.984567943586224,34,18.784567943586225
2014,Connecticut,22.13,34.45599909390715,34,12.325999093907154
2014,Creighton,21.72,29.635654590349528,33,7.915654590349529
2014,Dayton,14.25,22.791149019968138,33,8.541149019968138
2014,Delaware,5.83,9.166399578357113,34,3.3363995783571134
2014,Duke,24.25,30.40417419544583,34,6.1541741954458296
2014,Eastern Kentucky,3.96,9.245649695740745,31,5.285649695740745
2014,Florida,28.57,33.56465648784498,34,4.994656487844978
2014,George Washington,13.82,25.526990906705066,32,11.706990906705066
2014,Gonzaga,20.14,25.446019315976592,33,5.306019315976592
2014,Harvard,17.58,23.654570795580792,29,6.074570795580794
2014,Iowa St.,21.07,29.559072074644796,33,8.489072074644795
2014,Kansas,24.6,32.65473096824899,33,8.05473096824899
2014,Kansas St.,14.1,29.67445352089809,32,15.574453520898091
2014,Kentucky,22.55,29.321682072592356,34,6.771682072592355
2014,Louisiana,5.19,10.124485576075598,31,4.9344855760755975
2014,Louisville,30.41,44.579322635875016,34,14.169322635875016
2014,Manhattan,10.21,15.22502863710419,32,5.015028637104189
2014,Massachusetts,13.46,18.127114525689596,32,4.667114525689595
2014,Memphis,15.22,29.04055024956943,31,13.82055024956943
2014,Mercer,8.34,13.326205049906621,31,4.986205049906621
2014,Michigan,23.44,32.57223626955079,33,9.132236269550791
2014,Michigan St.,23.92,32.82137798912961,34,8.901377989129607
2014,Milwaukee,0.08,20.055483650802366,33,19.975483650802367
2014,N.C. St.,11.6,27.317287981328462,34,15.717287981328463
2014,Nebraska,12.64,29.10967043281621,31,16.46967043281621
2014,New Mexico,17.15,24.16232512711246,33,7.012325127112462
2014,New Mexico St.,10.54,14.948280134849083,34,4.408280134849084
2014,North Carolina,18.44,26.985635398719676,32,8.545635398719675
2014,North Carolina Central,7.98,19.187154168273977,31,11.207154168273977
2014,North Dakota St.,11.76,24.085644746121133,28,12.325644746121133
2014,Ohio St.,21.3,24.881568380494144,34,3.5815683804941436
2014,Oklahoma,17.9,28.51941738278739,32,10.61941738278739
2014,Oklahoma St.,20.98,32.15773424450356,33,11.177734244503558
2014,Oregon,19.02,28.80447266209183,32,9.78447266209183
2014,Pittsburgh,21.89,27.851096314509554,34,5.961096314509554
2014,Providence,13.81,25.37739556204142,34,11.56739556204142
2014,Saint Joseph's,12.93,24.809936212199847,33,11.879936212199848
2014,Saint Louis,15.72,19.463476128071033,31,3.7434761280710322
2014,San Diego St.,20.38,28.36310888835502,31,7.983108888355019
2014,Stanford,16.06,32.31528600965322,33,16.255286009653222
2014,Stephen F. Austin,10.83,15.016268504646671,31,4.186268504646671
2014,Syracuse,21.62,26.912094021803266,32,5.2920940218032655
2014,Tennessee,23.69,36.625737405471895,32,12.935737405471894
2014,Texas,14.52,34.427289261208095,33,19.907289261208096
2014,Tulsa,8.93,19.003549475094765,33,10.073549475094765
2014,UCLA,22.53,33.38337849186323,34,10.853378491863232
2014,VCU,19.8,28.07893688794601,34,8.27893688794601
2014,Villanova,23.68,29.538115913996254,32,5.858115913996254
2014,Virginia,26.46,34.60795973863326,34,8.147959738633261
2014,Weber St.,-0.62,7.324178686286901,28,7.944178686286901
2014,Western Michigan,3.36,14.398730251900664,31,11.038730251900665
2014,Wichita St.,25.36,29.029637214295814,33,3.6696372142958147
2014,Wisconsin,25.89,32.420851284129355,33,6.530851284129355
2014,Wofford,-1.94,6.973604209158354,29,8.913604209158354
2015,Albany,3.29,5.369518250897275,32,2.0795182508972747
2015,Arizona,32.36,40.29614589959666,34,7.93614589959666
2015,Arkansas,16.44,28.052226437662508,34,11.612226437662507
2015,Baylor,22.14,31.647115374382647,32,9.507115374382646
2015,Belmont,2.27,13.37443130045377,31,11.10443130045377
2015,Buffalo,11.87,16.930767404499566,32,5.0607674044995665
2015,Butler,20.09,28.83504725322889,32,8.74504725322889
2015,Cincinnati,14.15,21.746855209153466,32,7.596855209153466
2015,Coastal Carolina,2.38,10.108109780297935,29,7.7281097802979355
2015,Davidson,15.0,27.58769327567661,30,12.58769327567661
2015,Dayton,14.24,18.7420933148052,33,4.502093314805199
2015,Duke,32.48,38.75662771325312,33,6.27662771325312
2015,Eastern Washington,3.25,5.297298171248947,31,2.047298171248947
2015,Georgetown,19.13,26.720038514927293,31,7.5900385149272935
2015,Georgia,15.09,26.357505673281675,32,11.267505673281676
2015,Georgia St.,10.32,16.526160956780615,32,6.206160956780614
2015,Gonzaga,27.78,27.755727297943146,33,-0.024272702056855167
2015,Hampton,-7.4,7.5177944194329145,33,14.917794419432916
2015,Harvard,9.23,16.048667475583837,27,6.818667475583837
2015,Indiana,13.83,28.38314603511967,33,14.553146035119669
2015,Iowa,19.02,31.20443809014369,32,12.18443809014369
2015,Iowa St.,21.49,28.74157494239115,33,7.2515749423911515
2015,Kansas,22.72,27.30583456295346,34,4.585834562953462
2015,Kentucky,36.91,38.37871985805731,34,1.4687198580573124
2015,LSU,13.76,21.90997657069017,32,8.14997657069017
2015,Lafayette,-2.14,10.649600042192626,31,12.789600042192626
2015,Louisville,21.21,31.199152490255738,32,9.989152490255737
2015,Maryland,15.68,24.08943067309334,33,8.40943067309334
2015,Michigan St.,21.72,30.4764058005672,34,8.756405800567201
2015,Mississippi,13.88,20.549350371523484,32,6.669350371523484
2015,N.C. St.,15.93,35.20108207625923,33,19.271082076259233
2015,New Mexico St.,6.63,11.245280775790102,31,4.615280775790102
2015,North Carolina,23.85,35.11032030429345,35,11.260320304293451
2015,North Dakota St.,1.41,9.889994719764998,30,8.479994719764997
2015,Northeastern,5.12,10.955436867603984,34,5.835436867603984
2015,Northern Iowa,20.98,28.48039162808654,33,7.50039162808654
2015,Notre Dame,24.96,32.99982301951281,34,8.03982301951281
2015,Ohio St.,20.75,32.684280065000294,33,11.934280065000294
2015,Oklahoma,22.8,29.41061800382771,32,6.61061800382771
2015,Oklahoma St.,14.92,32.156094160279615,30,17.236094160279613
2015,Oregon,13.88,31.481238764459643,33,17.601238764459644
2015,Providence,16.72,33.20696432644169,33,16.486964326441694
2015,Purdue,13.96,28.905741371945766,33,14.945741371945765
2015,Robert Morris,-1.39,8.380945226037072,33,9.770945226037073
2015,SMU,17.51,21.61769802447783,32,4.107698024477827
2015,San Diego St.,15.95,22.1517970304894,33,6.201797030489402
2015,St. John's,13.7,36.78073020747191,31,23.080730207471913
2015,Stephen F. Austin,13.64,17.839798548363316,30,4.199798548363315
2015,Texas,18.94,29.190619668336605,33,10.250619668336604
2015,Texas Southern,-3.84,-0.9403883113563214,34,2.8996116886436782
2015,UAB,3.06,11.108232416348947,33,8.048232416348947
2015,UC Irvine,7.09,16.350596943973713,31,9.260596943973713
2015,UCLA,14.65,29.914523050747086,33,15.264523050747085
2015,Utah,27.24,36.88927385290598,31,9.649273852905981
2015,VCU,16.27,22.729523165987214,35,6.459523165987214
2015,Valparaiso,11.13,14.458097526323764,30,3.328097526323763
2015,Villanova,30.65,39.669159057218515,34,9.019159057218516
2015,Virginia,30.06,31.691712101065413,32,1.631712101065414
2015,West Virginia,17.64,33.382412791446804,32,15.742412791446803
2015,Wichita St.,22.21,25.55807928913427,31,3.3480792891342688
2015,Wisconsin,33.72,38.136777721125455,34,4.416777721125456
2015,Wofford,6.72,10.465245236079324,32,3.7452452360793247
2015,Wyoming,5.67,18.5247662564571,32,12.854766256457099
2015,Xavier,19.49,30.515843266037137,34,11.025843266037139
2016,Arizona,20.97,28.39005785318534,33,7.420057853185341
2016,Austin Peay,-5.1,7.643912991948006,33,12.743912991948005
2016,Baylor,19.06,33.725381022922186,32,14.665381022922187
2016,Buffalo,2.95,14.376297624821893,33,11.426297624821892
2016,Butler,17.27,31.487737779009322,31,14.217737779009322
2016,Cal St. Bakersfield,6.26,13.781794128491645,29,7.521794128491646
2016,California,18.32,25.796974024027136,33,7.476974024027136
2016,Chattanooga,6.5,9.314631997441639,32,2.814631997441639
2016,Cincinnati,17.06,24.73660591406616,32,7.676605914066162
2016,Colorado,12.91,25.784704196326814,32,12.874704196326814
2016,Connecticut,18.71,29.819177693389797,34,11.109177693389796
2016,Dayton,12.63,19.689212710470695,32,7.059212710470694
2016,Duke,21.87,27.314375102319413,33,5.4443751023194125
2016,Florida Gulf Coast,-0.08,9.996513647069078,29,10.076513647069078
2016,Fresno St.,6.63,15.348892862383552,32,8.718892862383552
2016,Gonzaga,20.82,26.804668179886963,32,5.984668179886963
2016,Green Bay,3.74,13.560923217240937,33,9.820923217240937
2016,Hampton,-7.4,4.398698301871179,30,11.79869830187118
2016,Hawaii,12.16,17.055794200995198,30,4.895794200995198
2016,Holy Cross,-11.39,10.751936186000584,33,22.141936186000585
2016,Indiana,23.05,31.18614310693903,32,8.13614310693903
2016,Iona,7.13,14.711458527679913,32,7.581458527679913
2016,Iowa,20.24,21.9749208868679,31,1.7349208868679007
2016,Iowa St.,20.95,28.928937440689385,32,7.978937440689386
2016,Kansas,29.67,35.87797558383089,33,6.207975583830887
2016,Kentucky,25.14,35.899574213187385,34,10.759574213187385
2016,Little Rock,13.24,17.450233570477046,31,4.210233570477046
2016,Maryland,20.25,30.71645741911787,32,10.46645741911787
2016,Miami FL,22.44,33.94506355829286,32,11.505063558292857
2016,Michigan,14.15,29.747901769528443,33,15.597901769528443
2016,Michigan St.,27.97,35.92503539700304,34,7.955035397003044
2016,Middle Tennessee,4.76,12.33806329494243,31,7.57806329494243
2016,North Carolina,29.82,36.854367346036724,34,7.034367346036724
2016,Northern Iowa,11.13,20.056273635315023,33,8.926273635315022
2016,Notre Dame,16.6,38.517417047128546,32,21.917417047128545
2016,Oklahoma,23.78,28.037244057901944,32,4.257244057901943
2016,Oregon,22.68,32.10786836877421,33,9.427868368774213
2016,Oregon St.,11.65,26.497074906056998,30,14.847074906056998
2016,Pittsburgh,16.6,34.170314951595095,31,17.570314951595094
2016,Providence,14.49,30.51641579907867,33,16.02641579907867
2016,Purdue,23.85,35.23135225991358,34,11.381352259913577
2016,Saint Joseph's,15.37,22.254462308877713,34,6.884462308877714
2016,Seton Hall,18.27,27.382268091752916,33,9.112268091752917
2016,South Dakota St.,9.57,11.408798562068066,31,1.8387985620680656
2016,Stephen F. Austin,15.62,28.319253985950073,28,12.699253985950074
2016,Stony Brook,8.13,9.975774564808656,30,1.8457745648086554
2016,Syracuse,18.57,28.18954022129398,32,9.619540221293981
2016,Temple,8.82,22.559385428393636,32,13.739385428393636
2016,Texas,16.19,35.225994491096436,32,19.035994491096435
2016,Texas A&M,21.26,30.334187225810354,34,9.074187225810352
2016,Texas Tech,13.78,28.09090902826538,31,14.31090902826538
2016,UNC Asheville,3.44,10.179576485901528,31,6.739576485901528
2016,UNC Wilmington,9.21,13.249541949004016,30,4.039541949004015
2016,USC,14.25,31.74606754933573,33,17.49606754933573
2016,Utah,16.79,34.7724949829288,33,17.9824949829288
2016,VCU,17.07,25.59374555412829,34,8.52374555412829
2016,Villanova,32.01,28.56642507527667,34,-3.443574924723329
2016,Virginia,29.64,36.40295356068509,33,6.762953560685091
2016,Weber St.,2.45,2.7354572007272075,31,0.28545720072720737
2016,West Virginia,24.45,35.25250006109508,34,10.802500061095078
2016,Wichita St.,22.53,27.10790396411414,31,4.577903964114139
2016,Wisconsin,16.55,28.939368101714265,32,12.389368101714265
2016,Xavier,22.52,28.986302401786716,32,6.466302401786717
2016,Yale,14.33,21.944101379884625,27,7.614101379884625
2017,Arizona,23.31,29.26852392058588,34,5.958523920585883
2017,Arkansas,16.25,31.823481399062047,34,15.573481399062047
2017,Baylor,24.23,29.85149114410358,31,5.6214911441035795
2017,Bucknell,9.38,14.575367666317293,34,5.195367666317292
2017,Butler,20.76,26.622717054512425,31,5.862717054512423
2017,Cincinnati,22.18,31.370818288017208,34,9.190818288017208
2017,Creighton,18.83,31.373863886700676,33,12.543863886700677
2017,Dayton,15.57,19.266885088374213,30,3.696885088374213
2017,Duke,24.17,30.386616950073368,35,6.216616950073366
2017,East Tennessee St.,11.1,13.647553454708463,32,2.5475534547084635
2017,Florida,27.5,33.15527844207775,32,5.655278442077751
2017,Florida Gulf Coast,5.07,9.594097519744727,30,4.524097519744727
2017,Florida St.,20.06,31.322892617858148,33,11.26289261785815
2017,Gonzaga,32.05,38.1254109233849,33,6.075410923384901
2017,Iona,4.2,12.62181771148875,34,8.42181771148875
2017,Iowa St.,23.45,33.75095502402648,33,10.300955024026482
2017,Jacksonville St.,0.63,13.971405223052752,32,13.341405223052751
2017,Kansas,27.45,28.243576343573565,32,0.7935763435735659
2017,Kansas St.,17.44,31.94128741359331,33,14.50128741359331
2017,Kent St.,1.68,10.003556244931016,34,8.323556244931016
2017,Kentucky,27.72,29.672966902986907,34,1.9529669029869083
2017,Louisville,25.51,33.45043138969725,32,7.940431389697249
2017,Marquette,16.58,28.197035022856273,31,11.617035022856275
2017,Maryland,14.34,26.897566445128053,31,12.557566445128053
2017,Miami FL,15.03,34.41955749800395,32,19.389557498003946
2017,Michigan,23.05,34.95241895639645,35,11.902418956396449
2017,Michigan St.,15.51,31.183295357536007,33,15.673295357536007
2017,Middle Tennessee,14.95,18.57950342739899,33,3.6295034273989906
2017,Minnesota,16.0,27.077604863515475,33,11.077604863515475
2017,Mount St. Mary's,-3.86,-0.13042073322032316,34,3.7295792667796768
2017,Nevada,13.31,22.416716568022796,34,9.106716568022795
2017,New Mexico St.,7.89,17.56698315991468,30,9.67698315991468
2017,North Carolina,28.22,39.769189866600534,33,11.549189866600535
2017,North Dakota,0.04,6.752870384182677,28,6.712870384182677
2017,Northern Kentucky,1.91,5.812172451598597,32,3.902172451598597
2017,Northwestern,15.81,33.641113687641095,34,17.831113687641093
2017,Notre Dame,19.74,29.76381990954243,34,10.023819909542432
2017,Oklahoma St.,22.48,32.06408045161044,31,9.584080451610436
2017,Oregon,25.02,29.54875938855454,33,4.5287593885545405
2017,Princeton,12.61,19.14085046794085,28,6.5308504679408514
2017,Purdue,23.12,29.242259380726967,32,6.122259380726966
2017,Rhode Island,16.26,24.031974727577,33,7.771974727577
2017,SMU,24.73,30.824100367902883,34,6.0941003679028825
2017,Saint Mary's,23.67,39.447794462396345,32,15.777794462396344
2017,Seton Hall,13.63,26.34669919949107,32,12.71669919949107
2017,South Carolina,20.8,28.16821507056315,31,7.368215070563149
2017,South Dakota St.,-1.19,11.623612782254595,32,12.813612782254594
2017,Texas Southern,-4.04,0.324077571531979,34,4.364077571531979
2017,Troy,2.04,13.44882828026484,34,11.408828280264839
2017,UC Davis,-4.41,5.571570906229187,32,9.981570906229187
2017,UCLA,23.63,27.911035304821013,33,4.281035304821014
2017,UNC Wilmington,12.46,13.73855192047423,32,1.2785519204742286
2017,USC,13.45,24.327195955028493,33,10.877195955028494
2017,VCU,14.07,21.509406466240314,34,7.439406466240314
2017,Vanderbilt,16.53,35.259914038245036,34,18.729914038245035
2017,Vermont,11.67,22.133063702292915,33,10.463063702292915
2017,Villanova,29.88,37.89947578563927,34,8.019475785639269
2017,Virginia,24.29,37.79976841595877,32,13.509768415958774
2017,Virginia Tech,13.8,26.07667253267045,32,12.27667253267045
2017,West Virginia,27.17,29.60349892952036,34,2.4334989295203577
2017,Wichita St.,26.14,34.11936357598538,33,7.979363575985381
2017,Winthrop,4.53,7.821505080169858,30,3.2915050801698573
2017,Wisconsin,22.99,35.7180573358787,34,12.728057335878699
2017,Xavier,16.7,27.446186124149687,34,10.746186124149688
2018,Alabama,13.41,35.09845417642685,34,21.68845417642685
2018,Arizona,17.7,24.840286964740837,34,7.140286964740838
2018,Arkansas,14.69,31.04756059554956,34,16.357560595549558
2018,Auburn,18.69,29.676468797507237,32,10.986468797507236
2018,Bucknell,7.31,15.295361928504393,34,7.9853619285043935
2018,Buffalo,11.53,16.98749551811493,33,5.45749551811493
2018,Butler,19.05,34.800969038592186,33,15.750969038592185
2018,Cal St. Fullerton,0.62,10.289805888216055,29,9.669805888216056
2018,Cincinnati,26.6,27.862307854937345,34,1.2623078549373439
2018,Clemson,21.65,28.731435013499272,32,7.081435013499274
2018,College of Charleston,5.16,11.39345716965436,31,6.2334571696543595
2018,Creighton,16.91,29.675719001004147,31,12.765719001004147
2018,Davidson,14.7,24.077511182349276,32,9.377511182349277
2018,Duke,28.86,35.13179272819578,33,6.271792728195777
2018,Florida,18.96,29.94542317669173,32,10.985423176691729
2018,Florida St.,17.77,27.58159529371734,31,9.811595293717339
2018,Georgia St.,6.92,18.986467858723007,32,12.066467858723007
2018,Gonzaga,23.03,27.495964372529357,34,4.465964372529356
2018,Houston,20.24,30.75268395825,33,10.512683958250001
2018,Iona,2.63,9.248021076252385,33,6.6180210762523854
2018,Kansas,23.49,33.76757266360864,34,10.277572663608641
2018,Kansas St.,14.77,32.20314556754701,33,17.43314556754701
2018,Kentucky,20.44,33.666938327893924,34,13.226938327893922
2018,Lipscomb,0.43,6.959998352245578,29,6.5299983522455785
2018,Loyola Chicago,16.39,20.773258245719664,32,4.383258245719663
2018,Marshall,6.53,16.151034462378593,33,9.621034462378592
2018,Miami FL,15.43,26.678345970507685,31,11.248345970507685
2018,Michigan,24.2,33.73106009359095,34,9.531060093590948
2018,Michigan St.,25.41,30.333405753973295,33,4.923405753973295
2018,Missouri,14.83,24.2043359379654,31,9.3743359379654
2018,Montana,10.4,14.926513108296904,31,4.5265131082969035
2018,Murray St.,12.19,16.636939952796094,29,4.446939952796095
2018,N.C. St.,14.52,24.95802562652644,32,10.43802562652644
2018,Nevada,18.39,22.781764139918373,34,4.391764139918372
2018,New Mexico St.,12.92,15.340257212830274,30,2.4202572128302737
2018,North Carolina,23.59,35.65355590283137,35,12.063555902831371
2018,Ohio St.,21.16,30.867323558421376,32,9.707323558421376
2018,Oklahoma,14.16,31.875756560560866,31,17.715756560560866
2018,Penn,3.69,10.892937321239783,31,7.202937321239784
2018,Providence,12.17,30.25937742164147,34,18.089377421641473
2018,Purdue,26.27,28.781588404611842,34,2.5115884046118424
2018,Radford,0.07,6.242366685824594,32,6.172366685824594
2018,Rhode Island,13.93,19.03367288111859,32,5.103672881118591
2018,San Diego St.,14.09,26.727281194793036,31,12.637281194793037
2018,Seton Hall,18.04,26.69379054918983,32,8.653790549189832
2018,South Dakota St.,10.2,15.498349264534948,30,5.298349264534949
2018,St. Bonaventure,11.21,17.832182343429366,32,6.622182343429365
2018,Stephen F. Austin,5.58,14.163404399200823,30,8.583404399200823
2018,Syracuse,14.82,31.147819639758364,33,16.327819639758363
2018,TCU,18.47,27.460508084789264,32,8.990508084789266
2018,Tennessee,22.27,30.447124057973962,33,8.177124057973963
2018,Texas,15.43,26.261494267236618,33,10.831494267236618
2018,Texas A&M,16.96,24.547808367769605,32,7.587808367769604
2018,Texas Southern,-6.65,1.5787677139465897,34,8.22876771394659
2018,Texas Tech,22.59,27.858882265416867,33,5.268882265416867
2018,UMBC,0.5,12.048756635006534,31,11.548756635006534
2018,UNC Greensboro,9.22,13.363995573324047,31,4.143995573324046
2018,Villanova,33.76,36.4253492547386,34,2.665349254738601
2018,Virginia,29.53,33.73225699724056,33,4.202256997240561
2018,Virginia Tech,16.03,29.205015994100123,32,13.175015994100121
2018,West Virginia,22.44,33.13159712785515,34,10.69159712785515
2018,Wichita St.,19.03,22.686899781088073,32,3.6568997810880717
2018,Wright St.,2.89,8.88072019911289,32,5.990720199112889
2018,Xavier,21.51,29.202982553495854,33,7.6929825534958525
2019,Abilene Christian,1.35,8.202123608848463,29,6.852123608848464
2019,Arizona St.,11.55,23.36997356128544,32,11.81997356128544
2019,Auburn,25.0,31.54420727293233,34,6.544207272932329
2019,Baylor,16.48,32.65838829705895,32,16.178388297058948
2019,Belmont,14.09,24.884559920364758,30,10.794559920364758
2019,Bradley,0.09,12.094677793672414,33,12.004677793672414
2019,Buffalo,19.85,24.318795482970163,33,4.468795482970162
2019,Cincinnati,17.5,24.32084857162434,34,6.820848571624339
2019,Colgate,4.6,10.139837869231076,33,5.539837869231077
2019,Duke,30.62,33.49145394527611,34,2.8714539452761123
2019,Fairleigh Dickinson,-4.22,8.113415060138564,31,12.333415060138563
2019,Florida,18.3,29.61470293633435,34,11.31470293633435
2019,Florida St.,22.39,32.62415677947626,34,10.234156779476258
2019,Gardner Webb,-0.04,9.057581827736758,31,9.097581827736757
2019,Georgia St.,4.85,13.609205817848155,32,8.759205817848155
2019,Gonzaga,32.85,40.54779939008236,33,7.697799390082359
2019,Houston,24.13,33.258963844047365,34,9.128963844047366
2019,Iona,-2.88,6.042573979369422,32,8.922573979369421
2019,Iowa,16.02,35.124171912780106,33,19.104171912780107
2019,Iowa St.,22.09,34.19975380264644,34,12.109753802646441
2019,Kansas,21.57,32.9016071673557,34,11.331607167355699
2019,Kansas St.,20.06,34.36801833381999,33,14.30801833381999
2019,Kentucky,27.57,35.56565541539639,33,7.995655415396392
2019,LSU,20.22,24.146837350636012,32,3.9268373506360135
2019,Liberty,11.54,14.978522282556943,31,3.438522282556944
2019,Louisville,19.35,36.354768267053664,33,17.004768267053663
2019,Marquette,16.52,25.988456959512394,33,9.468456959512395
2019,Maryland,19.29,32.42393523014194,32,13.133935230141944
2019,Michigan,28.32,41.6203273329813,34,13.300327332981297
2019,Michigan St.,30.81,34.163460158543145,34,3.3534601585431467
2019,Minnesota,14.35,35.30697382546282,34,20.956973825462818
2019,Mississippi,13.98,23.95879390781699,32,9.97879390781699
2019,Mississippi St.,20.04,33.41287307255971,33,13.372873072559713
2019,Montana,3.53,9.255499729347997,32,5.725499729347998
2019,Murray St.,13.83,19.3789586233146,29,5.548958623314599
2019,Nevada,18.18,23.04272565932666,33,4.86272565932666
2019,New Mexico St.,13.62,20.425349577485854,32,6.805349577485854
2019,North Carolina,27.69,34.35126941444262,33,6.661269414442618
2019,North Dakota St.,-3.2,7.531546388916588,31,10.731546388916588
2019,Northeastern,7.59,15.416536219450665,33,7.826536219450665
2019,Northern Kentucky,7.14,9.569851283305667,32,2.429851283305667
2019,Ohio St.,14.66,36.24256744219706,33,21.582567442197057
2019,Oklahoma,16.94,29.66061979078423,32,12.72061979078423
2019,Old Dominion,5.45,9.88712452395157,34,4.43712452395157
2019,Oregon,17.86,31.339199972578694,35,13.479199972578694
2019,Purdue,26.81,32.359488536694684,32,5.549488536694685
2019,Saint Louis,6.02,19.007784802531734,35,12.987784802531735
2019,Saint Mary's,17.31,33.4540457909136,33,16.144045790913598
2019,Seton Hall,11.5,21.38160884851185,33,9.88160884851185
2019,Syracuse,15.13,39.65697791128999,33,24.52697791128999
2019,Tennessee,26.24,35.615257471119726,33,9.375257471119728
2019,Texas Tech,30.03,35.18010313804734,32,5.150103138047342
2019,UC Irvine,9.16,18.07193174014531,34,8.91193174014531
2019,UCF,16.51,30.844875225902683,31,14.334875225902682
2019,Utah St.,15.41,19.60117163917607,33,4.191171639176069
2019,VCU,14.89,21.48971179777688,32,6.59971179777688
2019,Vermont,8.86,15.968639783402462,32,7.108639783402463
2019,Villanova,17.33,23.561285088936323,34,6.231285088936325
2019,Virginia,34.22,41.01929621694509,32,6.799296216945088
2019,Virginia Tech,24.07,31.92580972707851,32,7.855809727078508
2019,Washington,14.28,21.753975739385517,34,7.4739757393855175
2019,Wisconsin,21.94,30.285222704082457,33,8.345222704082456
2019,Wofford,20.69,25.77469513837133,30,5.08469513837133
2019,Yale,8.79,15.890681157373491,28,7.100681157373492
2021,Abilene Christian,10.11,17.428438211504123,23,7.318438211504123
2021,Alabama,25.09,32.81488720556591,30,7.72488720556591
2021,Arkansas,21.56,28.474495828788232,28,6.914495828788233
2021,BYU,21.12,32.34804482095045,25,11.228044820950448
2021,Baylor,33.87,29.51713290323038,24,-4.352867096769618
2021,Clemson,15.48,27.67642926380541,23,12.19642926380541
2021,Cleveland St.,-0.13,5.059425046917964,26,5.189425046917964
2021,Colgate,9.25,12.531390360424105,15,3.281390360424105
2021,Colorado,25.1,28.024137159837124,30,2.924137159837123
2021,Connecticut,20.61,32.94356018656228,22,12.33356018656228
2021,Creighton,20.59,35.871919377724765,28,15.281919377724765
2021,Drake,14.27,23.30227026246539,27,9.032270262465392
2021,Drexel,0.67,7.815878694301115,19,7.145878694301115
2021,Eastern Washington,8.19,11.947546723179377,22,3.7575467231793773
2021,Florida,16.95,28.496107400103273,23,11.546107400103274
2021,Florida St.,22.12,28.31508447707687,22,6.195084477076868
2021,Georgetown,12.91,32.77186668405835,25,19.861866684058352
2021,Georgia Tech,17.5,24.652151523636284,25,7.1521515236362845
2021,Gonzaga,36.48,37.7423699404414,26,1.2623699404414026
2021,Grand Canyon,8.32,18.458650208495516,20,10.138650208495516
2021,Hartford,-2.98,8.171451278715727,23,11.151451278715728
2021,Houston,28.75,39.97158780391113,26,11.221587803911127
2021,Illinois,29.06,36.80420774156366,29,7.74420774156366
2021,Iona,-0.78,6.337459664127713,17,7.117459664127713
2021,Iowa,26.87,38.899623427384114,29,12.029623427384113
2021,Kansas,19.98,30.66385569185672,27,10.68385569185672
2021,LSU,20.35,29.20451948454272,27,8.854519484542717
2021,Liberty,8.6,9.280629164201027,24,0.6806291642010276
2021,Loyola Chicago,24.32,26.819461362317597,26,2.4994613623175965
2021,Maryland,17.63,32.71395851782124,28,15.083958517821241
2021,Michigan,29.67,37.516981326180655,24,7.846981326180654
2021,Missouri,15.14,24.716563468170325,25,9.576563468170324
2021,Morehead St.,3.19,11.079282704244537,28,7.889282704244538
2021,Norfolk St.,-4.47,8.149612742512002,21,12.619612742512
2021,North Carolina,18.62,34.80768956313059,28,16.187689563130586
2021,North Texas,11.76,18.32728532424035,25,6.56728532424035
2021,Ohio,10.47,26.07588832170375,22,15.60588832170375
2021,Ohio St.,23.58,31.44108783026668,30,7.861087830266683
2021,Oklahoma,17.06,22.6631247487103,25,5.6031247487103
2021,Oklahoma St.,18.95,29.592395204325168,28,10.642395204325169
2021,Oral Roberts,4.83,9.410759395109547,23,4.580759395109547
2021,Oregon,21.85,30.99686335949413,26,9.14686335949413
2021,Oregon St.,16.4,31.24806708331162,28,14.848067083311623
2021,Purdue,20.33,31.408534603621145,27,11.078534603621147
2021,Rutgers,17.48,37.269911140328425,26,19.789911140328424
2021,San Diego St.,19.88,21.955774158083013,26,2.0757741580830142
2021,St. Bonaventure,19.04,29.774051113588943,20,10.734051113588944
2021,Syracuse,16.75,30.331375441580303,25,13.581375441580303
2021,Tennessee,19.95,31.414497653656884,26,11.464497653656885
2021,Texas,20.31,25.023990105666126,26,4.713990105666127
2021,Texas Southern,-4.37,-0.784312150199123,23,3.585687849800877
2021,Texas Tech,21.81,32.234326247313405,27,10.424326247313406
2021,UC Santa Barbara,13.63,18.166735798510285,24,4.536735798510284
2021,UCLA,22.43,28.71484673425937,26,6.2848467342593715
2021,UNC Greensboro,7.79,15.344274279604242,29,7.554274279604242
2021,USC,27.58,33.59906473626211,29,6.019064736262109
2021,Utah St.,15.34,26.600132986499773,27,11.260132986499773
2021,Villanova,23.02,28.307499793822068,22,5.287499793822068
2021,Virginia,21.42,29.583981686716573,24,8.163981686716571
2021,Virginia Tech,14.44,32.3439044260725,21,17.9039044260725
2021,West Virginia,20.51,24.455797466261625,27,3.9457974662616238
2021,Winthrop,8.48,15.42800879229927,24,6.9480087922992695
2021,Wisconsin,22.4,33.64838972659955,29,11.248389726599548
2022,Akron,3.62,12.04607392393831,31,8.426073923938311
2022,Alabama,16.57,26.10553977783675,32,9.53553977783675
2022,Arizona,25.96,29.08009309754274,34,3.120093097542739
2022,Arkansas,19.46,30.36956355320581,33,10.90956355320581
2022,Auburn,23.2,25.675413054991463,32,2.4754130549914635
2022,Baylor,27.04,32.07738844466537,32,5.037388444665368
2022,Boise St.,15.14,18.69845864564047,33,3.5584586456404708
2022,Cal St. Fullerton,1.47,10.164304752358081,29,8.69430475235808
2022,Chattanooga,11.51,15.059140458575511,32,3.5491404585755113
2022,Colgate,4.41,11.179076829477179,33,6.769076829477179
2022,Colorado St.,14.45,24.08888563640812,29,9.63888563640812
2022,Connecticut,18.55,24.576013508495862,32,6.026013508495861
2022,Creighton,13.78,30.603465033357658,33,16.823465033357657
2022,Davidson,14.85,21.29332754595355,32,6.443327545953549
2022,Delaware,2.64,14.335755568667935,33,11.695755568667934
2022,Duke,25.15,31.037607903841934,34,5.8876079038419356
2022,Georgia St.,1.6,9.471302028775803,25,7.871302028775803
2022,Gonzaga,30.95,36.27884413300034,29,5.3288441330003415
2022,Houston,27.7,35.102099531140254,34,7.402099531140255
2022,Illinois,18.75,24.948703248936777,31,6.198703248936777
2022,Indiana,14.04,25.314876114626056,33,11.274876114626057
2022,Iowa,22.72,32.1306192044768,35,9.410619204476802
2022,Iowa St.,14.63,38.59381317288822,32,23.963813172888216
2022,Jacksonville St.,1.97,8.003265393095463,29,6.033265393095463
2022,Kansas,27.49,34.178868830844856,34,6.688868830844857
2022,Kentucky,25.72,30.205066037524425,33,4.485066037524426
2022,LSU,18.65,25.224992598347033,33,6.574992598347034
2022,Longwood,2.22,8.06516497942358,28,5.845164979423579
2022,Loyola Chicago,16.52,27.5876728297623,31,11.067672829762301
2022,Marquette,13.06,23.65866791245225,31,10.598667912452248
2022,Memphis,17.23,31.049769536406878,31,13.819769536406877
2022,Miami FL,14.8,20.701125098534096,33,5.901125098534095
2022,Michigan,16.61,30.029658061496846,31,13.419658061496847
2022,Michigan St.,14.76,27.849824790120056,34,13.089824790120057
2022,Montana St.,2.94,8.807667120755395,32,5.867667120755396
2022,Murray St.,15.42,17.03387401291746,29,1.6138740129174618
2022,New Mexico St.,10.61,16.754364995142268,29,6.1443649951422685
2022,Norfolk St.,-0.49,5.250578402840875,27,5.7405784028408755
2022,North Carolina,20.13,31.825216908957422,33,11.695216908957423
2022,Notre Dame,15.25,25.446502978297584,31,10.196502978297584
2022,Ohio St.,16.24,25.95834887838426,30,9.718348878384262
2022,Providence,15.89,26.44414567033659,30,10.554145670336588
2022,Purdue,22.36,26.51727134181323,34,4.157271341813232
2022,Richmond,9.45,19.105585797164736,35,9.655585797164736
2022,Saint Mary's,19.53,30.40372788747788,31,10.87372788747788
2022,Saint Peter's,7.24,16.449829747991036,29,9.209829747991035
2022,San Diego St.,17.07,21.664082552013063,31,4.594082552013063
2022,San Francisco,17.38,30.62657950264191,32,13.24657950264191
2022,Seton Hall,13.61,21.572859136846105,30,7.962859136846106
2022,South Dakota St.,10.58,13.44874068271313,32,2.8687406827131294
2022,TCU,17.02,33.15430488052902,32,16.13430488052902
2022,Tennessee,25.1,32.36744299291665,33,7.267442992916649
2022,Texas,20.88,31.602633603834104,32,10.722633603834105
2022,Texas Southern,-1.28,5.462737636903149,30,6.742737636903149
2022,Texas Tech,25.64,34.58703534057174,34,8.947035340571738
2022,UAB,13.67,16.371034244135164,32,2.7010342441351636
2022,UCLA,24.26,31.285740544077303,32,7.025740544077301
2022,USC,14.14,23.301714754053496,33,9.161714754053495
2022,Vermont,13.2,25.13281326593382,32,11.93281326593382
2022,Villanova,24.56,25.01630861250753,33,0.45630861250753085
2022,Virginia Tech,18.86,28.770683491598255,35,9.910683491598256
2022,Wisconsin,15.34,20.503726873560865,31,5.163726873560865
2022,Wright St.,-0.28,7.963934946995237,33,8.243934946995237
2022,Yale,1.98,8.883287598661104,29,6.9032875986611035
2023,Alabama,27.28,36.07484093019107,34,8.794840930191071
2023,Arizona,21.9,30.658268919018784,34,8.758268919018786
2023,Arizona St.,13.26,25.982247755117452,34,12.722247755117452
2023,Arkansas,18.05,29.47497459814892,33,11.424974598148918
2023,Auburn,16.77,30.902499126992222,32,14.132499126992222
2023,Baylor,19.68,31.65055510633447,32,11.97055510633447
2023,Boise St.,15.85,25.84368172883006,32,9.99368172883006
2023,Colgate,5.24,10.14137794211946,33,4.90137794211946
2023,College of Charleston,11.85,16.128506169708945,33,4.278506169708946
2023,Connecticut,29.86,29.841646161975664,33,-0.018353838024335545
2023,Creighton,21.83,34.85630037101121,33,13.02630037101121
2023,Drake,11.9,24.518174435962717,33,12.618174435962716
2023,Duke,19.35,31.201003974093,34,11.851003974092997
2023,Fairleigh Dickinson,-8.36,-1.1227420736905946,32,7.237257926309405
2023,Florida Atlantic,19.38,25.56963008715951,32,6.189630087159511
2023,Furman,8.01,12.334481059442652,31,4.324481059442652
2023,Gonzaga,23.02,34.432834778142066,32,11.412834778142066
2023,Grand Canyon,5.88,14.159180626577385,32,8.279180626577386
2023,Houston,27.72,31.822883558303065,34,4.102883558303066
2023,Howard,-3.38,11.15009892817155,31,14.530098928171551
2023,Illinois,16.22,25.41285115749215,32,9.19285115749215
2023,Indiana,17.03,28.839549367950266,33,11.809549367950265
2023,Iona,11.35,17.51701001631099,34,6.167010016310991
2023,Iowa,15.39,28.889854957957482,32,13.499854957957481
2023,Iowa St.,17.04,34.100575155766116,32,17.060575155766116
2023,Kansas,22.85,37.09596302921784,34,14.24596302921784
2023,Kansas St.,18.51,30.797677553753662,32,12.28767755375366
2023,Kennesaw St.,4.04,8.789128198709216,31,4.749128198709216
2023,Kent St.,11.2,17.313122032431078,32,6.113122032431079
2023,Kentucky,17.4,27.86575167033443,32,10.46575167033443
2023,Louisiana,8.51,15.90793776921328,30,7.39793776921328
2023,Marquette,22.38,26.268164838847728,34,3.888164838847729
2023,Maryland,17.99,30.577661812494274,33,12.587661812494275
2023,Memphis,18.53,28.302701220433615,34,9.772701220433614
2023,Miami FL,17.94,18.522578283829834,32,0.5825782838298323
2023,Michigan St.,17.61,30.23425200167239,31,12.624252001672392
2023,Missouri,13.07,29.634725758065773,33,16.564725758065773
2023,Montana St.,5.49,8.50806655325603,32,3.0180665532560305
2023,N.C. St.,13.55,33.0669681449499,33,19.516968144949896
2023,Northern Kentucky,0.65,11.561338653619075,32,10.911338653619074
2023,Northwestern,15.59,28.14517434295429,32,12.555174342954292
2023,Oral Roberts,11.65,17.399447892671823,30,5.749447892671823
2023,Penn St.,16.04,23.854177244308172,35,7.814177244308173
2023,Pittsburgh,12.86,25.320316246412375,33,12.460316246412376
2023,Princeton,8.04,14.51010888511092,27,6.470108885110921
2023,Providence,15.39,33.17305726482914,32,17.78305726482914
2023,Purdue,23.24,28.375813582770437,34,5.135813582770439
2023,Saint Mary's,21.24,33.021971523487615,32,11.781971523487616
2023,San Diego St.,20.34,24.034891292508515,32,3.6948912925085153
2023,TCU,17.78,32.2643294730319,33,14.484329473031899
2023,Tennessee,23.8,33.02456295226639,33,9.224562952266393
2023,Texas,24.43,34.84377800495303,34,10.41377800495303
2023,Texas A&M,16.71,31.24601031163941,34,14.536010311639409
2023,Texas A&M Corpus Chris,-0.48,4.88719263984047,29,5.36719263984047
2023,UC Santa Barbara,5.68,13.394082532891908,32,7.714082532891908
2023,UCLA,27.29,30.912410743949398,34,3.6224107439493984
2023,UNC Asheville,1.22,5.986159039483177,32,4.766159039483178
2023,USC,14.85,26.188128718264633,32,11.338128718264633
2023,Utah St.,17.39,27.799199091360105,33,10.409199091360104
2023,VCU,12.84,22.348594838918803,34,9.508594838918803
2023,Vermont,5.33,15.523458762990282,32,10.193458762990282
2023,Virginia,16.37,26.329774255284256,32,9.959774255284255
2023,West Virginia,18.82,34.689369717863485,33,15.869369717863485
2023,Xavier,19.95,29.582343539076938,34,9.632343539076938
2024,Akron,4.58,6.863126250334772,32,2.283126250334772
2024,Alabama,22.96,34.94654319090496,32,11.98654319090496
2024,Arizona,26.55,34.14428814736162,33,7.59428814736162
2024,Auburn,27.99,39.47295881680582,34,11.482958816805823
2024,BYU,19.96,30.54356628164247,33,10.583566281642469
2024,Baylor,21.9,32.996342624156995,32,11.096342624156996
2024,Clemson,19.44,29.01400944613963,32,9.57400944613963
2024,Colgate,1.5,6.264801618690709,33,4.764801618690709
2024,College of Charleston,7.52,14.89684636922033,33,7.376846369220331
2024,Colorado,19.03,28.216083592864745,34,9.186083592864744
2024,Colorado St.,17.02,22.927473914360426,32,5.907473914360427
2024,Connecticut,36.43,43.11671926746667,34,6.686719267466671
2024,Creighton,24.22,32.179016417693724,32,7.959016417693725
2024,Dayton,17.3,20.7239757454176,31,3.4239757454176
2024,Drake,14.53,21.46255150567269,33,6.93255150567269
2024,Duke,26.47,32.72485912942408,32,6.254859129424084
2024,Duquesne,9.19,19.078037464764442,34,9.888037464764443
2024,Florida,18.19,27.366332635145717,35,9.176332635145716
2024,Florida Atlantic,15.74,15.483873067871361,33,-0.25612693212863924
2024,Gonzaga,23.17,29.291750171777867,31,6.121750171777865
2024,Grambling St.,-7.09,1.007037233096416,31,8.097037233096415
2024,Grand Canyon,14.84,20.294312295211213,32,5.4543122952112135
2024,Houston,31.17,42.9157601965105,34,11.745760196510496
2024,Illinois,24.53,28.34868850691061,34,3.8186885069106076
2024,Iowa St.,26.47,37.151334750370815,34,10.681334750370816
2024,James Madison,12.42,16.286429349065894,33,3.8664293490658945
2024,Kansas,17.94,41.067897498340635,31,23.127897498340634
2024,Kentucky,19.29,27.688880896334332,32,8.398880896334333
2024,Long Beach St.,-0.25,12.104021030539823,33,12.354021030539823
2024,Longwood,0.35,13.899667434727126,31,13.549667434727127
2024,Marquette,23.02,38.32364007993348,34,15.303640079933484
2024,McNeese,11.8,15.913329634882247,29,4.113329634882247
2024,Michigan St.,20.58,27.74569206343093,33,7.165692063430932
2024,Mississippi St.,17.07,32.39916438546206,34,15.329164385462057
2024,Morehead St.,5.15,10.164566462494717,30,5.014566462494717
2024,N.C. St.,15.9,27.748856133927436,36,11.848856133927436
2024,Nebraska,17.55,34.15909861238801,33,16.609098612388006
2024,Nevada,16.41,25.726731333446008,32,9.316731333446008
2024,New Mexico,17.8,26.87161726022531,34,9.07161726022531
2024,North Carolina,26.19,31.139691532462102,34,4.949691532462101
2024,Northwestern,16.41,29.548172489612078,32,13.138172489612078
2024,Oakland,3.73,10.787204555296501,34,7.057204555296501
2024,Oregon,14.19,24.30520574708549,34,10.115205747085492
2024,Purdue,30.62,29.309649490762425,33,-1.3103505092375762
2024,Saint Mary's,19.43,33.336728703783336,32,13.906728703783337
2024,Saint Peter's,-3.03,7.368223839192084,31,10.398223839192084
2024,Samford,10.03,15.040374712537682,32,5.010374712537683
2024,San Diego St.,19.36,25.98765489241766,32,6.6276548924176595
2024,South Carolina,14.4,34.322051866082944,33,19.922051866082946
2024,South Dakota St.,2.69,11.419774278431747,31,8.729774278431748
2024,Stetson,-4.51,4.747054463907449,31,9.257054463907448
2024,TCU,16.04,30.151826436074,33,14.111826436074
2024,Tennessee,26.61,35.30604066276754,32,8.696040662767544
2024,Texas,18.77,32.25720067777729,32,13.487200677777292
2024,Texas A&M,17.02,30.055120773271938,34,13.035120773271938
2024,Texas Tech,17.32,36.91861341055778,33,19.598613410557782
2024,UAB,6.49,21.496537171207688,33,15.006537171207688
2024,Utah St.,14.89,24.38357220232741,31,9.49357220232741
2024,Vermont,6.61,7.270253903529277,32,0.6602539035292763
2024,Wagner,-10.0,3.1052866958261918,29,13.10528669582619
2024,Washington St.,16.33,25.60593956890606,33,9.275939568906061
2024,Western Kentucky,2.9,11.858582986548871,30,8.95858298654887
2024,Wisconsin,20.06,33.09566818222997,35,13.035668182229973
2024,Yale,9.07,14.416664266473225,29,5.3466642664732245
2025,Akron,6.47,10.986028454850212,32,4.516028454850212
2025,Alabama,30.34,46.07312267809357,33,15.733122678093569
2025,Alabama St.,-8.87,-1.0417179705341424,33,7.828282029465857
2025,Arizona,26.35,36.741318002780794,34,10.391318002780793
2025,Arkansas,19.33,29.303734070347723,33,9.973734070347724
2025,Auburn,35.05,39.13610453567087,33,4.08610453567087
2025,BYU,22.31,39.01360461140483,33,16.70360461140483
2025,Baylor,20.83,30.67076199754197,32,9.840761997541971
2025,Bryant,0.92,7.546448597950095,32,6.626448597950095
2025,Clemson,23.22,27.026007889271085,33,3.8060078892710862
2025,Colorado St.,17.61,31.05405132619979,34,13.44405132619979
2025,Connecticut,20.18,31.42401425983341,33,11.24401425983341
2025,Creighton,19.44,30.711336188532492,34,11.27133618853249
2025,Drake,15.12,18.430131272827264,31,3.310131272827265
2025,Duke,39.29,40.43491112653068,34,1.1449111265306797
2025,Florida,36.46,43.84936710086246,34,7.389367100862458
2025,Georgia,18.57,36.87305403774341,32,18.303054037743408
2025,Gonzaga,28.01,33.745667704862306,33,5.735667704862305
2025,Grand Canyon,6.29,13.119347035301908,32,6.829347035301908
2025,High Point,9.15,15.069479165963262,32,5.919479165963262
2025,Houston,36.59,36.20409232718701,34,-0.38590767281299065
2025,Illinois,24.32,44.75723655717869,33,20.437236557178693
2025,Iowa St.,26.65,36.30164861582959,33,9.651648615829593
2025,Kansas,22.94,35.322807982626756,33,12.382807982626755
2025,Kentucky,24.54,40.23437179674075,33,15.694371796740754
2025,Liberty,12.46,19.187073951539332,31,6.727073951539332
2025,Lipscomb,8.55,12.175888614953628,32,3.6258886149536274
2025,Louisville,21.73,29.313573426529235,34,7.5835734265292345
2025,Marquette,21.01,32.43680939201186,33,11.426809392011858
2025,Maryland,27.07,33.63759865977433,33,6.567598659774333
2025,McNeese,14.24,17.899834722024266,31,3.659834722024266
2025,Memphis,15.1,14.228577580594607,34,-0.871422419405393
2025,Michigan,23.45,35.28841462769268,34,11.838414627692682
2025,Michigan St.,28.48,34.34500164307681,33,5.865001643076813
2025,Mississippi,23.34,36.1525261365198,33,12.812526136519804
2025,Mississippi St.,20.02,38.667120778541076,33,18.647120778541076
2025,Missouri,23.57,39.4611293141322,33,15.8911293141322
2025,Montana,0.07,10.439620957923015,31,10.369620957923015
2025,Mount St. Mary's,-6.34,3.208583787829537,33,9.548583787829537
2025,Nebraska Omaha,-0.06,14.202504256173935,32,14.262504256173935
2025,New Mexico,17.78,21.322927933115356,32,3.5429279331153545
2025,Norfolk St.,-1.63,-1.6089195159427885,31,0.021080484057211413
2025,North Carolina,20.33,33.72443937521259,35,13.394439375212592
2025,Oklahoma,17.95,33.61252950568198,33,15.662529505681977
2025,Oregon,21.85,33.323352507352276,33,11.473352507352274
2025,Purdue,25.36,38.63182899000623,33,13.271828990006227
2025,Robert Morris,2.9,11.061136154476717,33,8.161136154476717
2025,SIU Edwardsville,-4.5,7.663437652426339,30,12.163437652426339
2025,Saint Mary's,22.73,27.372190691695145,32,4.642190691695145
2025,St. John's,26.06,31.243350340907853,34,5.183350340907854
2025,Tennessee,30.93,36.77809437419359,34,5.848094374193593
2025,Texas A&M,23.66,34.71285265783855,32,11.052852657838553
2025,Texas Tech,27.92,35.740617497386125,33,7.820617497386124
2025,Troy,6.95,15.57108317196654,31,8.62108317196654
2025,UC San Diego,18.25,25.774079598771245,32,7.5240795987712445
2025,UCLA,23.46,37.38307693400965,32,13.92307693400965
2025,UNC Wilmington,5.28,12.523547044868426,32,7.243547044868426
2025,Utah St.,14.0,34.104269007737095,32,20.104269007737095
2025,VCU,19.53,24.40136334777009,33,4.871363347770089
2025,Vanderbilt,16.23,35.0695325727364,32,18.8395325727364
2025,Wisconsin,26.57,34.81364925942293,35,8.24364925942293
2025,Wofford,4.24,16.138175925601207,32,11.898175925601207
2025,Xavier,17.19,26.234832494506342,32,9.044832494506341
2025,Yale,11.02,11.966828165072954,28,0.9468281650729544
2026,Akron,11.94,14.184691994914399,32,2.2446919949143993
2026,Alabama,27.22,30.335906669069185,32,3.1159066690691866
2026,Arizona,38.06,40.06726860708994,34,2.007268607089941
2026,Arkansas,25.47,34.93728589452085,34,9.467285894520849
2026,BYU,22.78,36.178706972045205,34,13.398706972045204
2026,Cal Baptist,6.08,16.293624791567893,33,10.213624791567893
2026,Clemson,18.61,28.903056707953294,34,10.293056707953294
2026,Connecticut,29.78,39.06996259165742,34,9.28996259165742
2026,Duke,37.37,41.402022489522636,34,4.032022489522639
2026,Florida,33.57,42.91548638439046,33,9.345486384390462
2026,Furman,-1.42,8.012132926472198,31,9.432132926472198
2026,Georgia,19.36,31.90519149657786,32,12.54519149657786
2026,Gonzaga,26.98,31.400383900547336,33,4.4203839005473355
2026,Hawaii,5.58,13.954829111399993,30,8.374829111399993
2026,High Point,9.52,11.048742419440241,31,1.528742419440242
2026,Hofstra,9.06,16.76676022950013,32,7.706760229500128
2026,Houston,33.84,42.44060274347991,34,8.600602743479904
2026,Howard,-2.64,4.914982250340715,29,7.554982250340714
2026,Idaho,1.0,13.751686515629444,32,12.751686515629444
2026,Illinois,33.66,37.471933852545966,32,3.8119338525459696
2026,Iowa,23.39,32.46285344210023,33,9.072853442100232
2026,Iowa St.,32.0,48.144729793955605,34,16.144729793955605
2026,Kansas,24.15,42.00834600078655,33,17.858346000786554
2026,Kennesaw St.,1.19,10.006149720809464,31,8.816149720809465
2026,Kentucky,21.09,33.298941575047856,34,12.208941575047856
2026,LIU,-3.99,-1.606163747970982,34,2.383836252029018
2026,Louisville,24.57,31.91732860942554,33,7.347328609425539
2026,McNeese,12.49,16.862390032675172,31,4.372390032675172
2026,Miami FL,20.64,31.191931686458997,33,10.551931686458996
2026,Miami OH,8.64,7.4687806806966135,29,-1.171219319303387
2026,Michigan,39.7,38.913860101877084,34,-0.7861398981229186
2026,Michigan St.,28.76,36.182098565043624,32,7.422098565043623
2026,Missouri,14.93,33.67376405815582,32,18.74376405815582
2026,Nebraska,26.58,39.52025594889661,32,12.940255948896613
2026,North Carolina,20.11,31.727007438324897,32,11.617007438324897
2026,North Dakota St.,4.55,14.213999338724763,31,9.663999338724764
2026,Northern Iowa,10.93,21.616426728309015,34,10.686426728309016
2026,Ohio St.,22.22,38.83624565325378,33,16.616245653253785
2026,Penn,0.99,9.685718291098599,28,8.695718291098599
2026,Prairie View A&M,-10.15,0.24901358561925138,31,10.399013585619251
2026,Purdue,31.08,39.33000932364928,35,8.25000932364928
2026,Queens,-1.77,6.808234745343191,33,8.578234745343192
2026,Saint Louis,19.51,25.89267971328103,32,6.3826797132810285
2026,Saint Mary's,21.87,30.149505868683367,31,8.279505868683366
2026,Santa Clara,19.02,30.83795978872957,33,11.81795978872957
2026,Siena,-1.04,7.834424789218045,34,8.874424789218045
2026,South Florida,16.9,24.432608358836994,32,7.532608358836995
2026,St. John's,27.17,37.395313170787254,34,10.225313170787253
2026,TCU,17.35,27.836122602379096,33,10.486122602379094
2026,Tennessee,27.0,34.113222357566535,33,7.113222357566535
2026,Tennessee St.,-2.05,11.797874956487998,29,13.847874956487999
2026,Texas,20.57,33.070213726826374,31,12.500213726826374
2026,Texas A&M,18.69,33.859876921845604,32,15.169876921845603
2026,Texas Tech,24.46,41.08928896964308,32,16.629288969643078
2026,Troy,1.16,11.702731766760355,31,10.542731766760355
2026,UCF,14.97,34.16755384558426,32,19.19755384558426
2026,UCLA,21.19,38.217884117670486,34,17.027884117670485
2026,Utah St.,21.53,31.50949949397405,33,9.97949949397405
2026,VCU,17.44,21.154898484884967,34,3.7148984848849658
2026,Vanderbilt,27.35,37.6208069362118,34,10.270806936211798
2026,Villanova,19.92,32.440139437166664,32,12.520139437166662
2026,Virginia,25.71,36.46380247968793,34,10.753802479687927
2026,Wisconsin,23.09,37.05666369154886,34,13.966663691548863
2026,Wright St.,2.36,8.480928249370098,32,6.120928249370099
