Model,Round,Feature,MeanDeltaLogLoss,StdDeltaLogLoss,BaseLogLoss,n
full_LR,R64,d_AdjEM,0.4503594175525885,0.03512508477849395,0.38751398565001294,1022
full_LR,R64,d_AdjO,0.3166485950931392,0.028265330821561577,0.38751398565001294,1022
full_LR,R64,d_AdjD,0.25916839281741955,0.017477996134854613,0.38751398565001294,1022
full_LR,R64,d_AdjT,-0.0001259021256676929,0.00016753486917911483,0.38751398565001294,1022
full_LR,R64,d_Luck,0.15275891215661289,0.013468063310733334,0.38751398565001294,1022
full_LR,R64,d_SOS-AdjEM,0.26576251958675084,0.02466008764231788,0.38751398565001294,1022
full_LR,R64,d_NCSOS-AdjEM,0.0005826860959319058,0.0008625332224859056,0.38751398565001294,1022
full_LR,R64,d_Momentum,0.04576975266229123,0.007414507243431147,0.38751398565001294,1022
full_LR,R64,d_OffEFG,0.0019906956861981038,0.0010861800346653168,0.38751398565001294,1022
full_LR,R64,d_DefEFG,-0.00012025376482946067,0.00020811204520274616,0.38751398565001294,1022
full_LR,R64,d_Seed,0.5429638617415935,0.033250505779844376,0.38751398565001294,1022
full_LR,R32,d_AdjEM,0.310697970364734,0.020508525348373424,0.3948170097818457,512
full_LR,R32,d_AdjO,0.30716579949065764,0.026621707275630593,0.3948170097818457,512
full_LR,R32,d_AdjD,0.21236809488979977,0.021925715251165094,0.3948170097818457,512
full_LR,R32,d_AdjT,0.0003945407799308557,0.0002577422629949224,0.3948170097818457,512
full_LR,R32,d_Luck,0.10755753695183205,0.01528481518718053,0.3948170097818457,512
full_LR,R32,d_SOS-AdjEM,0.19946467332326634,0.01952607718256261,0.3948170097818457,512
full_LR,R32,d_NCSOS-AdjEM,0.0010054641741681616,0.000842460237692559,0.3948170097818457,512
full_LR,R32,d_Momentum,0.06407011470654563,0.012377164444416647,0.3948170097818457,512
full_LR,R32,d_OffEFG,-0.0010524735803272751,0.0015719100474128522,0.3948170097818457,512
full_LR,R32,d_DefEFG,0.0004496842624791164,0.0002841570611449865,0.3948170097818457,512
full_LR,R32,d_Seed,0.35849734761943775,0.030128022675985945,0.3948170097818457,512
full_LR,S16,d_AdjEM,0.1753030132902729,0.02806850924952072,0.42853372270822887,256
full_LR,S16,d_AdjO,0.2627682634509298,0.03250916446009369,0.42853372270822887,256
full_LR,S16,d_AdjD,0.17074897287570714,0.024644499870092856,0.42853372270822887,256
full_LR,S16,d_AdjT,-9.194408554981104e-05,0.0004383093928681507,0.42853372270822887,256
full_LR,S16,d_Luck,0.1668115002115796,0.02766505558766546,0.42853372270822887,256
full_LR,S16,d_SOS-AdjEM,0.08561525045042631,0.013052942411105974,0.42853372270822887,256
full_LR,S16,d_NCSOS-AdjEM,-0.0004880613698272992,0.001211230408111748,0.42853372270822887,256
full_LR,S16,d_Momentum,0.07500321487464409,0.01501924844959434,0.42853372270822887,256
full_LR,S16,d_OffEFG,0.005139441937271272,0.002495034272416219,0.42853372270822887,256
full_LR,S16,d_DefEFG,0.00046036293030844445,0.0005481257000808709,0.42853372270822887,256
full_LR,S16,d_Seed,0.2900072765488376,0.03680858709103327,0.42853372270822887,256
full_LR,E8,d_AdjEM,0.11695126471313787,0.03975278276636198,0.45460548222227504,128
full_LR,E8,d_AdjO,0.17764108581223031,0.04199150365886205,0.45460548222227504,128
full_LR,E8,d_AdjD,0.18928418277358533,0.04397421317085729,0.45460548222227504,128
full_LR,E8,d_AdjT,-0.0012513145692989113,0.0006421679058822323,0.45460548222227504,128
full_LR,E8,d_Luck,0.10299615957637259,0.027874028698567456,0.45460548222227504,128
full_LR,E8,d_SOS-AdjEM,0.02121287263740988,0.01770944830854321,0.45460548222227504,128
full_LR,E8,d_NCSOS-AdjEM,-0.0008421625670547753,0.0011731133837795688,0.45460548222227504,128
full_LR,E8,d_Momentum,0.08213460471288177,0.021613234344150974,0.45460548222227504,128
full_LR,E8,d_OffEFG,0.005065452697107161,0.003587532230272694,0.45460548222227504,128
full_LR,E8,d_DefEFG,-0.0005483824500073323,0.0009556341244101501,0.45460548222227504,128
full_LR,E8,d_Seed,0.34570436949071115,0.06256660407628933,0.45460548222227504,128
full_LR,F4,d_AdjEM,0.27799721186510823,0.06459159869849102,0.41323513243695864,64
full_LR,F4,d_AdjO,0.2885412476571379,0.06945341990475629,0.41323513243695864,64
full_LR,F4,d_AdjD,0.19336365071850717,0.056407734598943306,0.41323513243695864,64
full_LR,F4,d_AdjT,0.0011518631222701822,0.0007601704840113917,0.41323513243695864,64
full_LR,F4,d_Luck,0.15002301809004934,0.04429199563310961,0.41323513243695864,64
full_LR,F4,d_SOS-AdjEM,0.0753970854701408,0.022552834812020476,0.41323513243695864,64
full_LR,F4,d_NCSOS-AdjEM,-0.0011482628528633539,0.0025163512521335345,0.41323513243695864,64
full_LR,F4,d_Momentum,0.013431387782113089,0.024407219844169225,0.41323513243695864,64
full_LR,F4,d_OffEFG,0.0006214536583489194,0.005614682290331885,0.41323513243695864,64
full_LR,F4,d_DefEFG,9.859574326035643e-05,0.001059026072614082,0.41323513243695864,64
full_LR,F4,d_Seed,0.13433442817096655,0.07666950162263263,0.41323513243695864,64
full_LR,NCG,d_AdjEM,0.24319356916049617,0.07730072208824329,0.3769700800463673,32
full_LR,NCG,d_AdjO,0.3687529010653302,0.09159925376631144,0.3769700800463673,32
full_LR,NCG,d_AdjD,0.12516160402032744,0.04970225381238396,0.3769700800463673,32
full_LR,NCG,d_AdjT,0.0020345834224336965,0.0010714442184171606,0.3769700800463673,32
full_LR,NCG,d_Luck,0.18166857690586527,0.06938799840221617,0.3769700800463673,32
full_LR,NCG,d_SOS-AdjEM,0.12590095845542487,0.0372988950271028,0.3769700800463673,32
full_LR,NCG,d_NCSOS-AdjEM,0.008538077013410271,0.004148462380280285,0.3769700800463673,32
full_LR,NCG,d_Momentum,0.004052778750462749,0.027096104318787985,0.3769700800463673,32
full_LR,NCG,d_OffEFG,-0.00032463759369583123,0.005783115446759456,0.3769700800463673,32
full_LR,NCG,d_DefEFG,-0.0007501802622639201,0.001078574922837994,0.3769700800463673,32
full_LR,NCG,d_Seed,-0.024429128085621483,0.04412021541524987,0.3769700800463673,32
xgb,R64,d_AdjEM,0.6026015410187058,0.023366217793185578,0.15999452714308773,1022
xgb,R64,d_AdjO,0.07573163112450192,0.006696575913437501,0.15999452714308773,1022
xgb,R64,d_AdjD,0.08078061274969842,0.004886340234577237,0.15999452714308773,1022
xgb,R64,d_AdjT,0.029630638228466802,0.001997723274182696,0.15999452714308773,1022
xgb,R64,d_Luck,0.16820088929934088,0.01119996864114944,0.15999452714308773,1022
xgb,R64,d_SOS-AdjEM,0.18167223941720462,0.010729883555375049,0.15999452714308773,1022
xgb,R64,d_NCSOS-AdjEM,0.03673086972147383,0.002370463446914037,0.15999452714308773,1022
xgb,R64,d_Momentum,0.08540347348593237,0.00687981450245898,0.15999452714308773,1022
xgb,R64,d_OffEFG,0.03218990471866467,0.0013691076392543275,0.15999452714308773,1022
xgb,R64,d_DefEFG,0.02186038989164118,0.0016382698647011966,0.15999452714308773,1022
xgb,R64,d_Seed,0.3434019649341558,0.02025991320166588,0.15999452714308773,1022
xgb,R32,d_AdjEM,0.5433839472436673,0.02132002403305668,0.17162986892993973,512
xgb,R32,d_AdjO,0.07177129412974516,0.007419148169225823,0.17162986892993973,512
xgb,R32,d_AdjD,0.07116421248792239,0.007006243144123013,0.17162986892993973,512
xgb,R32,d_AdjT,0.025302869741195406,0.00230921896158929,0.17162986892993973,512
xgb,R32,d_Luck,0.13412416882367187,0.013456187164466255,0.17162986892993973,512
xgb,R32,d_SOS-AdjEM,0.1837509491964637,0.014106761657854062,0.17162986892993973,512
xgb,R32,d_NCSOS-AdjEM,0.034471850791349574,0.003103609636709391,0.17162986892993973,512
xgb,R32,d_Momentum,0.09358901248370385,0.008907408374855583,0.17162986892993973,512
xgb,R32,d_OffEFG,0.034532108286530964,0.002656576863300754,0.17162986892993973,512
xgb,R32,d_DefEFG,0.025641176037126342,0.0020558020490020414,0.17162986892993973,512
xgb,R32,d_Seed,0.31173965850233754,0.021264925893801193,0.17162986892993973,512
xgb,S16,d_AdjEM,0.38465951851236924,0.036436087879683804,0.1764484706853082,256
xgb,S16,d_AdjO,0.08226309029533906,0.008642690986787945,0.1764484706853082,256
xgb,S16,d_AdjD,0.060723742369236805,0.0072386951070498315,0.1764484706853082,256
xgb,S16,d_AdjT,0.02609333217893365,0.0028492751042764873,0.1764484706853082,256
xgb,S16,d_Luck,0.19747351522836906,0.0238641243346257,0.1764484706853082,256
xgb,S16,d_SOS-AdjEM,0.12946056752742655,0.014746175097144178,0.1764484706853082,256
xgb,S16,d_NCSOS-AdjEM,0.037734401837016304,0.004635866994527774,0.1764484706853082,256
xgb,S16,d_Momentum,0.11841597320776102,0.015506700605912553,0.1764484706853082,256
xgb,S16,d_OffEFG,0.043121696172632874,0.0038187330344631246,0.1764484706853082,256
xgb,S16,d_DefEFG,0.02733354818938984,0.0031820983412560416,0.1764484706853082,256
xgb,S16,d_Seed,0.2575038249735261,0.024667942386222035,0.1764484706853082,256
xgb,E8,d_AdjEM,0.3305793762960514,0.057758742740124165,0.21961207829945018,128
xgb,E8,d_AdjO,0.06528074205783382,0.014546840782797799,0.21961207829945018,128
xgb,E8,d_AdjD,0.074599100534863,0.015976701677855344,0.21961207829945018,128
xgb,E8,d_AdjT,0.027169110149128962,0.004246478480561308,0.21961207829945018,128
xgb,E8,d_Luck,0.17140089823513177,0.029703545887252995,0.21961207829945018,128
xgb,E8,d_SOS-AdjEM,0.1105148947360546,0.017146301712093658,0.21961207829945018,128
xgb,E8,d_NCSOS-AdjEM,0.03303694485950325,0.005160601405191427,0.21961207829945018,128
xgb,E8,d_Momentum,0.1091776770058994,0.01852954512026156,0.21961207829945018,128
xgb,E8,d_OffEFG,0.049227248181528904,0.008460121871518966,0.21961207829945018,128
xgb,E8,d_DefEFG,0.027511407705472824,0.004132063444489193,0.21961207829945018,128
xgb,E8,d_Seed,0.3332161525388096,0.04724747575992575,0.21961207829945018,128
xgb,F4,d_AdjEM,0.5018476925647865,0.08209869756925202,0.16504651884614854,64
xgb,F4,d_AdjO,0.0863784726734243,0.02094780784478001,0.16504651884614854,64
xgb,F4,d_AdjD,0.08616568560478122,0.019041495580493603,0.16504651884614854,64
xgb,F4,d_AdjT,0.01584445947436917,0.003009218970734301,0.16504651884614854,64
xgb,F4,d_Luck,0.1832402842866189,0.044108418319630374,0.16504651884614854,64
xgb,F4,d_SOS-AdjEM,0.1486095837084263,0.029418019927182588,0.16504651884614854,64
xgb,F4,d_NCSOS-AdjEM,0.04307146392010589,0.009561538240576747,0.16504651884614854,64
xgb,F4,d_Momentum,0.042859687961665234,0.013940153560570512,0.16504651884614854,64
xgb,F4,d_OffEFG,0.02347426132505241,0.008758882187097094,0.16504651884614854,64
xgb,F4,d_DefEFG,0.023378341549306205,0.0071274204209580624,0.16504651884614854,64
xgb,F4,d_Seed,0.1966297353408686,0.06558755506773493,0.16504651884614854,64
xgb,NCG,d_AdjEM,0.4686262340162356,0.11087667918142681,0.16030651416775105,32
xgb,NCG,d_AdjO,0.09153601286263022,0.023826148739039585,0.16030651416775105,32
xgb,NCG,d_AdjD,0.05348442287463271,0.021071901407782718,0.16030651416775105,32
xgb,NCG,d_AdjT,0.014713452179009797,0.006772184665011535,0.16030651416775105,32
xgb,NCG,d_Luck,0.19032619511763746,0.068675791069752,0.16030651416775105,32
xgb,NCG,d_SOS-AdjEM,0.13793049360929086,0.0413293801574076,0.16030651416775105,32
xgb,NCG,d_NCSOS-AdjEM,0.049548307297663845,0.014323253619671586,0.16030651416775105,32
xgb,NCG,d_Momentum,0.05205529219805194,0.02468650108549952,0.16030651416775105,32
xgb,NCG,d_OffEFG,0.028791898096386315,0.0094607612144677,0.16030651416775105,32
xgb,NCG,d_DefEFG,0.02123114737246105,0.007812189368836822,0.16030651416775105,32
xgb,NCG,d_Seed,0.011317299568088768,0.021534936447546633,0.16030651416775105,32
rf,R64,d_AdjEM,0.17130174688675995,0.008464740275290681,0.3564865861916856,1022
rf,R64,d_AdjO,0.060353027823544105,0.004288192236344567,0.3564865861916856,1022
rf,R64,d_AdjD,0.06880121975647281,0.003877974065405976,0.3564865861916856,1022
rf,R64,d_AdjT,0.008438370543903794,0.0004213923716451343,0.3564865861916856,1022
rf,R64,d_Luck,0.0310442407233959,0.002193907950563402,0.3564865861916856,1022
rf,R64,d_SOS-AdjEM,0.06072164309525049,0.0038067708440254703,0.3564865861916856,1022
rf,R64,d_NCSOS-AdjEM,0.008601699818139826,0.0005413530729049196,0.3564865861916856,1022
rf,R64,d_Momentum,0.02403631860686529,0.0015985273757738543,0.3564865861916856,1022
rf,R64,d_OffEFG,0.010502334426399277,0.0005573085871241653,0.3564865861916856,1022
rf,R64,d_DefEFG,0.013874734906423027,0.0006194986172392257,0.3564865861916856,1022
rf,R64,d_Seed,0.03314895676232232,0.0017865905404315866,0.3564865861916856,1022
rf,R32,d_AdjEM,0.1675567117755165,0.008794116917192672,0.3737397877709641,512
rf,R32,d_AdjO,0.06653313847883983,0.0056305213313728834,0.3737397877709641,512
rf,R32,d_AdjD,0.05709803846866608,0.0049606884088952835,0.3737397877709641,512
rf,R32,d_AdjT,0.0059672774075363,0.000658749367192815,0.3737397877709641,512
rf,R32,d_Luck,0.02221527187107395,0.0031996101419581886,0.3737397877709641,512
rf,R32,d_SOS-AdjEM,0.06287346063644164,0.0059318436729189645,0.3737397877709641,512
rf,R32,d_NCSOS-AdjEM,0.007221454022978271,0.0006835711560161833,0.3737397877709641,512
rf,R32,d_Momentum,0.02708786406811497,0.003110870579250174,0.3737397877709641,512
rf,R32,d_OffEFG,0.013688143331402816,0.0007455903933552516,0.3737397877709641,512
rf,R32,d_DefEFG,0.016352856827428867,0.001216451746301215,0.3737397877709641,512
rf,R32,d_Seed,0.03180999144843051,0.002458943976955021,0.3737397877709641,512
rf,S16,d_AdjEM,0.12905012519617357,0.014364676649299602,0.41211645334834823,256
rf,S16,d_AdjO,0.06142782854922207,0.007385700479327582,0.41211645334834823,256
rf,S16,d_AdjD,0.051667083494202765,0.004621777024961623,0.41211645334834823,256
rf,S16,d_AdjT,0.008387857102975172,0.0008208891535700962,0.41211645334834823,256
rf,S16,d_Luck,0.04417339191580667,0.005507687905390145,0.41211645334834823,256
rf,S16,d_SOS-AdjEM,0.06144046464431111,0.007651384062083675,0.41211645334834823,256
rf,S16,d_NCSOS-AdjEM,0.009577875504442408,0.0008881298236090875,0.41211645334834823,256
rf,S16,d_Momentum,0.03731061767698942,0.004288409948669003,0.41211645334834823,256
rf,S16,d_OffEFG,0.013163930282020198,0.0009311033797672877,0.41211645334834823,256
rf,S16,d_DefEFG,0.01893478235366344,0.0013905277246119671,0.41211645334834823,256
rf,S16,d_Seed,0.028370730775024958,0.00251283131491811,0.41211645334834823,256
rf,E8,d_AdjEM,0.09008091099442636,0.02051219891067455,0.4783638343401917,128
rf,E8,d_AdjO,0.047883925402757405,0.009984860334184359,0.4783638343401917,128
rf,E8,d_AdjD,0.040363746624291555,0.009967329063146492,0.4783638343401917,128
rf,E8,d_AdjT,0.0084801028253728,0.0012033941785699928,0.4783638343401917,128
rf,E8,d_Luck,0.03674830784904632,0.005835862274882672,0.4783638343401917,128
rf,E8,d_SOS-AdjEM,0.052350776733250524,0.00710173109134668,0.4783638343401917,128
rf,E8,d_NCSOS-AdjEM,0.006503745975784068,0.0009412619054045717,0.4783638343401917,128
rf,E8,d_Momentum,0.038538428690731305,0.006657389383097058,0.4783638343401917,128
rf,E8,d_OffEFG,0.013910336297286491,0.002024832625418193,0.4783638343401917,128
rf,E8,d_DefEFG,0.015306368394053832,0.002863675776810966,0.4783638343401917,128
rf,E8,d_Seed,0.03520634907399491,0.004815863765893112,0.4783638343401917,128
rf,F4,d_AdjEM,0.16513932897327002,0.03040608164502268,0.39093856640804947,64
rf,F4,d_AdjO,0.06043568990600177,0.01176599110964423,0.39093856640804947,64
rf,F4,d_AdjD,0.06382702908778276,0.010899821687815617,0.39093856640804947,64
rf,F4,d_AdjT,0.004629829162372214,0.001438388462616769,0.39093856640804947,64
rf,F4,d_Luck,0.03402005156751446,0.01087364690293259,0.39093856640804947,64
rf,F4,d_SOS-AdjEM,0.05769666892952456,0.014951497360630499,0.39093856640804947,64
rf,F4,d_NCSOS-AdjEM,0.008047457880115008,0.0014812337323388206,0.39093856640804947,64
rf,F4,d_Momentum,0.014841366827606348,0.00587796548234946,0.39093856640804947,64
rf,F4,d_OffEFG,0.011284189072826044,0.003094324588078455,0.39093856640804947,64
rf,F4,d_DefEFG,0.016149439404465827,0.003339706721006941,0.39093856640804947,64
rf,F4,d_Seed,0.023424037847213326,0.007522973826918883,0.39093856640804947,64
rf,NCG,d_AdjEM,0.17785766994638366,0.03744795671599521,0.3850394953481042,32
rf,NCG,d_AdjO,0.07486115380256188,0.018701339392133975,0.3850394953481042,32
rf,NCG,d_AdjD,0.04360015954829132,0.014356641950621744,0.3850394953481042,32
rf,NCG,d_AdjT,0.005718004305584194,0.0020995046760372837,0.3850394953481042,32
rf,NCG,d_Luck,0.04601993845834775,0.016382633238698773,0.3850394953481042,32
rf,NCG,d_SOS-AdjEM,0.05204027975487676,0.017558059024461357,0.3850394953481042,32
rf,NCG,d_NCSOS-AdjEM,0.0052124789897295834,0.002547748139273834,0.3850394953481042,32
rf,NCG,d_Momentum,0.013437078064790392,0.008572814669463075,0.3850394953481042,32
rf,NCG,d_OffEFG,0.014363387172049368,0.003937401734337709,0.3850394953481042,32
rf,NCG,d_DefEFG,0.01691701455241492,0.003205198544017605,0.3850394953481042,32
rf,NCG,d_Seed,0.00915041731584134,0.004198133913602648,0.3850394953481042,32
lgbm,R64,d_AdjEM,0.8995246079813319,0.03642465980427977,0.02671848225616507,1022
lgbm,R64,d_AdjO,0.05638288016647827,0.004814108547950344,0.02671848225616507,1022
lgbm,R64,d_AdjD,0.06462625532811876,0.0029736358281026135,0.02671848225616507,1022
lgbm,R64,d_AdjT,0.02454313576703875,0.0016368737468932448,0.02671848225616507,1022
lgbm,R64,d_Luck,0.2557885649377462,0.01586650806442505,0.02671848225616507,1022
lgbm,R64,d_SOS-AdjEM,0.21908953759436187,0.01165102490978473,0.02671848225616507,1022
lgbm,R64,d_NCSOS-AdjEM,0.044550979734287705,0.0030584716621047925,0.02671848225616507,1022
lgbm,R64,d_Momentum,0.09762268992559366,0.010261218760901638,0.02671848225616507,1022
lgbm,R64,d_OffEFG,0.02663505255676861,0.0015390863970648914,0.02671848225616507,1022
lgbm,R64,d_DefEFG,0.020289149480702096,0.0011108592888528347,0.02671848225616507,1022
lgbm,R64,d_Seed,0.397026019019253,0.023921969299515816,0.02671848225616507,1022
lgbm,R32,d_AdjEM,0.7758950874559666,0.032101108084839354,0.02775974260564961,512
lgbm,R32,d_AdjO,0.04997682513466168,0.003656171538861614,0.02775974260564961,512
lgbm,R32,d_AdjD,0.05614387979813682,0.004424371730413052,0.02775974260564961,512
lgbm,R32,d_AdjT,0.018660764834350103,0.0011570397292352645,0.02775974260564961,512
lgbm,R32,d_Luck,0.21078076317827063,0.017802031855656035,0.02775974260564961,512
lgbm,R32,d_SOS-AdjEM,0.23865309608281773,0.0187106336673277,0.02775974260564961,512
lgbm,R32,d_NCSOS-AdjEM,0.034306355697546614,0.0031063031293208847,0.02775974260564961,512
lgbm,R32,d_Momentum,0.09926053034207052,0.008930777824238824,0.02775974260564961,512
lgbm,R32,d_OffEFG,0.028490087896121903,0.0019984368397346474,0.02775974260564961,512
lgbm,R32,d_DefEFG,0.024966492970327023,0.0015598837920533452,0.02775974260564961,512
lgbm,R32,d_Seed,0.40566616967250985,0.027005959432112696,0.02775974260564961,512
lgbm,S16,d_AdjEM,0.5231495109189812,0.044341712995529275,0.030335268597758997,256
lgbm,S16,d_AdjO,0.05001140451446231,0.0049879568478134635,0.030335268597758997,256
lgbm,S16,d_AdjD,0.05197360676607538,0.006149118813444612,0.030335268597758997,256
lgbm,S16,d_AdjT,0.02064244867475337,0.002020311369366769,0.030335268597758997,256
lgbm,S16,d_Luck,0.28913920570645174,0.035877421705832024,0.030335268597758997,256
lgbm,S16,d_SOS-AdjEM,0.17784834932176233,0.018477980113903877,0.030335268597758997,256
lgbm,S16,d_NCSOS-AdjEM,0.03677560496107965,0.005236329715204733,0.030335268597758997,256
lgbm,S16,d_Momentum,0.11955635142338292,0.019297921800024872,0.030335268597758997,256
lgbm,S16,d_OffEFG,0.034133027014772305,0.002840880578971787,0.030335268597758997,256
lgbm,S16,d_DefEFG,0.02771437021612175,0.00292897077141872,0.030335268597758997,256
lgbm,S16,d_Seed,0.3132527720843847,0.027349532964605457,0.030335268597758997,256
lgbm,E8,d_AdjEM,0.5079081443161493,0.07381358027634642,0.03562745460880813,128
lgbm,E8,d_AdjO,0.04645681455365532,0.00749147627649554,0.03562745460880813,128
lgbm,E8,d_AdjD,0.06858221357771938,0.01449382771666045,0.03562745460880813,128
lgbm,E8,d_AdjT,0.02770547462602643,0.0033950135510351417,0.03562745460880813,128
lgbm,E8,d_Luck,0.27960830337364534,0.040618666581840955,0.03562745460880813,128
lgbm,E8,d_SOS-AdjEM,0.1702478166453302,0.02371499369660176,0.03562745460880813,128
lgbm,E8,d_NCSOS-AdjEM,0.034168548583481506,0.00419682169264811,0.03562745460880813,128
lgbm,E8,d_Momentum,0.1437771700889186,0.024867138588018072,0.03562745460880813,128
lgbm,E8,d_OffEFG,0.041319141111082626,0.005833013079751004,0.03562745460880813,128
lgbm,E8,d_DefEFG,0.027735355204888325,0.003988767555027943,0.03562745460880813,128
lgbm,E8,d_Seed,0.3845870089769392,0.04924671236320853,0.03562745460880813,128
lgbm,F4,d_AdjEM,0.709128071623949,0.11827960721462406,0.0323483755258596,64
lgbm,F4,d_AdjO,0.058602302504819355,0.016285952893223293,0.0323483755258596,64
lgbm,F4,d_AdjD,0.06406788286649863,0.017412956049436067,0.0323483755258596,64
lgbm,F4,d_AdjT,0.014567097298223086,0.0027330232064580427,0.0323483755258596,64
lgbm,F4,d_Luck,0.2066231742380816,0.0567554219214596,0.0323483755258596,64
lgbm,F4,d_SOS-AdjEM,0.258889541328027,0.049753114041137025,0.0323483755258596,64
lgbm,F4,d_NCSOS-AdjEM,0.04522378632811155,0.008355629137833007,0.0323483755258596,64
lgbm,F4,d_Momentum,0.041583603576559644,0.01180663587067528,0.0323483755258596,64
lgbm,F4,d_OffEFG,0.024421861485646804,0.00603075798620993,0.0323483755258596,64
lgbm,F4,d_DefEFG,0.017091178509460438,0.006148886541504594,0.0323483755258596,64
lgbm,F4,d_Seed,0.25609424537630937,0.07250959956383864,0.0323483755258596,64
lgbm,NCG,d_AdjEM,0.5492647558812261,0.13005024221572503,0.032752565819981545,32
lgbm,NCG,d_AdjO,0.053982510110095666,0.01930598558054986,0.032752565819981545,32
lgbm,NCG,d_AdjD,0.04534163236899733,0.01555564581413503,0.032752565819981545,32
lgbm,NCG,d_AdjT,0.014397110938776374,0.0036250859538825017,0.032752565819981545,32
lgbm,NCG,d_Luck,0.28262700898457943,0.10873303221235985,0.032752565819981545,32
lgbm,NCG,d_SOS-AdjEM,0.17495819304601154,0.06365584021051934,0.032752565819981545,32
lgbm,NCG,d_NCSOS-AdjEM,0.043001316394347934,0.016061464034306184,0.032752565819981545,32
lgbm,NCG,d_Momentum,0.041812780296353776,0.020098964805837415,0.032752565819981545,32
lgbm,NCG,d_OffEFG,0.029653498369048445,0.00723438173359753,0.032752565819981545,32
lgbm,NCG,d_DefEFG,0.02428093915383122,0.007322272994509757,0.032752565819981545,32
lgbm,NCG,d_Seed,0.0473325025346225,0.022439707638962716,0.032752565819981545,32
catboost,R64,d_AdjEM,0.7258501182195631,0.026529889226682684,0.14780534584929345,1022
catboost,R64,d_AdjO,0.0845782856532741,0.005912168482057379,0.14780534584929345,1022
catboost,R64,d_AdjD,0.08179890247185477,0.004259934289742287,0.14780534584929345,1022
catboost,R64,d_AdjT,0.044948537504856764,0.0025354047924324146,0.14780534584929345,1022
catboost,R64,d_Luck,0.17751141779879206,0.011643477616824063,0.14780534584929345,1022
catboost,R64,d_SOS-AdjEM,0.21823434587431859,0.01043125694747031,0.14780534584929345,1022
catboost,R64,d_NCSOS-AdjEM,0.04869781472175742,0.0023705446058916915,0.14780534584929345,1022
catboost,R64,d_Momentum,0.09917149538634572,0.00731549937224639,0.14780534584929345,1022
catboost,R64,d_OffEFG,0.038101149649624515,0.001682866313214279,0.14780534584929345,1022
catboost,R64,d_DefEFG,0.03822547436520345,0.001874542939678468,0.14780534584929345,1022
catboost,R64,d_Seed,0.3539062568158855,0.0195647415580305,0.14780534584929345,1022
catboost,R32,d_AdjEM,0.6589851290036378,0.0282088970262293,0.15751596624383124,512
catboost,R32,d_AdjO,0.079413980109777,0.007375645276311078,0.15751596624383124,512
catboost,R32,d_AdjD,0.0702136271552501,0.005860000584053858,0.15751596624383124,512
catboost,R32,d_AdjT,0.03754988045168662,0.0032207714599932135,0.15751596624383124,512
catboost,R32,d_Luck,0.1463318364072492,0.012272724837558448,0.15751596624383124,512
catboost,R32,d_SOS-AdjEM,0.19562854128044876,0.014324261125259606,0.15751596624383124,512
catboost,R32,d_NCSOS-AdjEM,0.04536999669760259,0.0030140943058383253,0.15751596624383124,512
catboost,R32,d_Momentum,0.10168880367450654,0.008902876808555433,0.15751596624383124,512
catboost,R32,d_OffEFG,0.04669673122933731,0.0030440098154042084,0.15751596624383124,512
catboost,R32,d_DefEFG,0.041370584533043105,0.0023345134113687154,0.15751596624383124,512
catboost,R32,d_Seed,0.3194250940378287,0.021961729352947407,0.15751596624383124,512
catboost,S16,d_AdjEM,0.47954051961228455,0.042114878955997186,0.1637306295780005,256
catboost,S16,d_AdjO,0.08216613676154516,0.008291080732184292,0.1637306295780005,256
catboost,S16,d_AdjD,0.06383243185708024,0.0063052841999071685,0.1637306295780005,256
catboost,S16,d_AdjT,0.0407028447876337,0.0039026225546740386,0.1637306295780005,256
catboost,S16,d_Luck,0.19896635780260083,0.023701079112989094,0.1637306295780005,256
catboost,S16,d_SOS-AdjEM,0.1412261925583983,0.013301811998294739,0.1637306295780005,256
catboost,S16,d_NCSOS-AdjEM,0.050554298851421535,0.005102100546651764,0.1637306295780005,256
catboost,S16,d_Momentum,0.12352616275793982,0.015905956760335783,0.1637306295780005,256
catboost,S16,d_OffEFG,0.0502593380539634,0.004182448894774109,0.1637306295780005,256
catboost,S16,d_DefEFG,0.04697924008516986,0.0047720150436735735,0.1637306295780005,256
catboost,S16,d_Seed,0.25136785050435523,0.02307893256869727,0.1637306295780005,256
catboost,E8,d_AdjEM,0.38596070911495184,0.06510644996243012,0.2118429632322494,128
catboost,E8,d_AdjO,0.07690168632037629,0.014243256659204957,0.2118429632322494,128
catboost,E8,d_AdjD,0.06701526699185592,0.01455187047521129,0.2118429632322494,128
catboost,E8,d_AdjT,0.04954687068337373,0.005658762615177888,0.2118429632322494,128
catboost,E8,d_Luck,0.1730548701211459,0.028911167299247927,0.2118429632322494,128
catboost,E8,d_SOS-AdjEM,0.1127625868605994,0.014757626489415072,0.2118429632322494,128
catboost,E8,d_NCSOS-AdjEM,0.044049537631399974,0.005157018533486162,0.2118429632322494,128
catboost,E8,d_Momentum,0.12130798982931375,0.018429522333896664,0.2118429632322494,128
catboost,E8,d_OffEFG,0.06759900143332456,0.010059721950560463,0.2118429632322494,128
catboost,E8,d_DefEFG,0.05322184615531853,0.007154448429466538,0.2118429632322494,128
catboost,E8,d_Seed,0.33059167343058365,0.0424617986823397,0.2118429632322494,128
catboost,F4,d_AdjEM,0.5735682082279359,0.09464310110081253,0.16574954020415253,64
catboost,F4,d_AdjO,0.09347430043025166,0.024885361155751996,0.16574954020415253,64
catboost,F4,d_AdjD,0.08354063167420343,0.018823565983236527,0.16574954020415253,64
catboost,F4,d_AdjT,0.025846900916864767,0.005978544542024407,0.16574954020415253,64
catboost,F4,d_Luck,0.1622702998238664,0.04193462942161789,0.16574954020415253,64
catboost,F4,d_SOS-AdjEM,0.14901449602622427,0.028617962192623594,0.16574954020415253,64
catboost,F4,d_NCSOS-AdjEM,0.04080436173358876,0.009720860374573094,0.16574954020415253,64
catboost,F4,d_Momentum,0.036563042025826914,0.01326191725261909,0.16574954020415253,64
catboost,F4,d_OffEFG,0.02812636408797842,0.007579651341679408,0.16574954020415253,64
catboost,F4,d_DefEFG,0.029453817255784807,0.010234100761326687,0.16574954020415253,64
catboost,F4,d_Seed,0.19415680944563493,0.06866282747716265,0.16574954020415253,64
catboost,NCG,d_AdjEM,0.5196305734693751,0.11981952185452972,0.14556696950241202,32
catboost,NCG,d_AdjO,0.08618976281640187,0.026417080371389002,0.14556696950241202,32
catboost,NCG,d_AdjD,0.056685699555290375,0.01787544443474471,0.14556696950241202,32
catboost,NCG,d_AdjT,0.03297116530344093,0.008346868856414516,0.14556696950241202,32
catboost,NCG,d_Luck,0.19295775693040534,0.06793279294824003,0.14556696950241202,32
catboost,NCG,d_SOS-AdjEM,0.14373823177258177,0.040162009990288926,0.14556696950241202,32
catboost,NCG,d_NCSOS-AdjEM,0.05510956180491451,0.012649744327111957,0.14556696950241202,32
catboost,NCG,d_Momentum,0.053265060010694136,0.024983574979066236,0.14556696950241202,32
catboost,NCG,d_OffEFG,0.037391036393864235,0.012818744181007882,0.14556696950241202,32
catboost,NCG,d_DefEFG,0.027222424564258753,0.008178406532660065,0.14556696950241202,32
catboost,NCG,d_Seed,0.016847096698237977,0.025407237033846532,0.14556696950241202,32
