Season,Team,Conference,AdjTempo,AdjTempo.Rank,AdjOE,AdjOE.Rank,Off-eFG%,Off-eFG%.Rank,Off-TO%,Off-TO%.Rank,Off-OR%,Off-OR%.Rank,Off-FTRate,Off-FTRate.Rank,AdjDE,AdjDE.Rank,Def-eFG%,Def-eFG%.Rank,Def-TO%,Def-TO%.Rank,Def-OR%,Def-OR%.Rank,Def-FTRate,Def-FTRate.Rank
2021,Gonzaga,WCC,73.8,7,126.4,1,61.0,1,16.1,40,30.1,102,35.7,66,89.9,11,47.7,61,19.3,137,23.8,31,25.7,43
2021,Baylor,B12,67.4,213,125.0,2,56.5,7,16.5,54,37.3,5,26.5,295,91.1,22,48.9,121,24.4,4,30.6,274,31.3,167
2021,Iowa,B10,69.9,93,123.5,3,54.7,24,13.3,1,30.8,81,32.0,158,96.7,75,48.8,115,16.1,314,29.1,220,22.2,6
2021,Ohio St.,B10,66.7,251,120.7,4,52.9,58,15.5,18,29.3,119,37.2,40,97.1,82,48.7,108,14.7,337,27.0,141,33.5,219
2021,LSU,SEC,70.6,70,120.1,5,52.3,73,15.6,19,31.4,66,34.0,106,99.8,124,48.5,99,17.9,231,32.1,312,29.8,135
2021,Villanova,BE,64.2,336,119.0,6,53.2,49,13.7,4,27.8,174,30.0,210,96.0,66,51.0,216,18.4,198,25.7,84,25.6,40
2021,Houston,Amer,64.4,332,118.3,7,50.4,154,16.2,43,39.8,2,31.3,177,89.6,9,43.9,2,21.1,55,27.9,169,41.2,329
2021,Illinois,B10,70.5,79,118.0,8,55.6,12,18.1,128,32.2,49,37.9,30,88.9,7,46.5,29,16.0,316,22.1,11,30.1,142
2021,Michigan,B10,66.6,256,117.6,9,54.7,25,16.6,58,29.6,113,30.4,201,87.9,4,44.4,6,14.8,336,24.7,54,24.3,26
2021,Oregon,P12,67.2,226,117.2,10,54.2,32,16.7,66,29.1,130,26.0,306,95.4,55,50.8,200,20.2,86,27.7,158,26.7,55
2021,UCLA,P12,63.8,341,116.9,11,52.0,82,15.7,25,30.5,92,31.6,167,94.5,46,50.4,189,17.5,257,25.1,64,28.2,92
2021,West Virginia,B12,69.2,122,116.8,12,48.9,217,16.8,71,35.9,8,37.9,31,96.3,70,51.0,217,21.0,58,31.1,283,27.9,87
2021,Colorado,P12,66.1,276,116.3,13,52.4,69,17.1,82,30.8,79,29.5,227,91.2,23,47.9,71,19.8,112,25.6,81,29.1,115
2021,USC,P12,67.0,235,115.7,14,52.7,60,18.0,122,34.9,16,36.3,59,88.1,6,44.9,7,16.9,286,28.3,186,24.1,24
2021,Arizona,P12,67.7,198,115.6,15,50.5,138,17.2,89,34.3,24,41.8,7,95.7,59,49.2,131,18.0,223,24.4,45,32.4,195
2021,Florida St.,ACC,69.9,90,114.9,16,54.0,37,20.4,255,34.4,22,32.4,152,92.8,33,46.1,24,19.5,127,31.7,301,35.2,263
2021,Virginia,ACC,59.9,357,114.7,17,55.4,14,15.0,10,22.7,308,21.7,343,93.3,36,48.0,77,15.3,332,22.6,14,24.8,31
2021,Duke,ACC,68.5,152,114.5,18,53.6,43,18.3,144,32.2,47,23.4,336,97.0,79,51.3,226,19.9,104,29.0,213,31.9,183
2021,Toledo,MAC,68.7,143,114.3,19,54.0,36,15.6,21,29.7,111,28.5,251,102.6,182,48.6,102,17.6,253,30.8,276,23.7,20
2021,Davidson,A10,62.5,353,113.9,20,55.3,16,17.3,90,28.1,163,26.9,290,101.8,164,50.0,174,16.1,311,22.4,13,28.6,107
2021,Notre Dame,ACC,67.2,227,113.8,21,53.9,39,15.7,26,22.0,318,25.9,308,103.7,203,50.8,202,12.7,346,29.8,247,19.7,1
2021,Georgia Tech,ACC,67.3,223,113.7,22,54.1,35,16.1,36,24.4,261,28.4,253,96.2,68,52.4,269,22.6,18,30.4,266,28.9,112
2021,BYU,WCC,67.6,206,113.7,23,54.9,22,19.0,175,28.7,145,27.9,268,92.5,30,46.9,38,15.7,327,23.4,23,29.4,125
2021,Syracuse,ACC,68.6,151,113.7,24,51.2,104,16.3,49,29.2,122,28.3,255,96.9,77,48.0,78,20.2,88,34.0,339,24.1,23
2021,Creighton,BE,68.7,144,113.4,25,55.0,19,15.7,28,24.6,258,25.7,311,92.8,32,47.0,42,18.0,224,28.3,189,25.5,39
2021,Purdue,B10,66.1,278,113.3,26,51.0,120,18.6,159,32.8,36,31.7,163,92.9,34,48.8,116,16.8,295,24.3,39,30.1,146
2021,Connecticut,BE,65.5,309,113.1,27,49.0,216,17.5,101,37.4,4,29.0,239,92.5,29,46.7,36,19.6,125,29.5,235,36.8,292
2021,Texas,B12,68.6,146,113.1,28,52.9,59,20.7,265,31.1,74,33.9,111,92.8,31,46.0,23,17.8,242,27.5,154,35.9,280
2021,Wisconsin,B10,64.6,328,113.0,29,49.9,174,13.6,3,23.8,280,26.3,297,90.6,15,47.9,68,17.3,266,25.2,68,28.4,99
2021,Alabama,SEC,73.3,11,112.9,30,51.7,90,18.6,157,32.2,46,28.8,243,87.8,3,45.8,16,20.5,77,29.2,222,30.7,158
2021,Utah,P12,67.6,203,112.7,31,53.1,54,18.4,147,23.6,289,28.8,241,97.0,78,51.2,220,19.6,122,29.5,236,27.3,70
2021,Texas Tech,B12,65.1,316,112.7,32,49.4,195,16.0,35,33.3,32,37.9,32,90.9,18,47.7,60,23.7,8,30.0,252,35.6,273
2021,Drake,MVC,66.3,271,112.5,33,53.4,44,15.3,13,32.0,55,24.6,324,98.2,101,48.3,88,18.4,191,25.2,70,29.9,139
2021,Penn St.,B10,69.1,125,112.2,34,47.9,268,16.3,45,31.9,59,27.8,272,95.2,52,53.0,294,19.7,114,24.8,57,33.5,223
2021,Oklahoma,B12,67.1,228,112.1,35,50.8,126,15.7,24,27.0,192,29.3,233,95.1,51,49.1,127,18.5,189,27.7,162,23.7,21
2021,Oregon St.,P12,65.5,306,112.1,36,49.0,215,17.6,103,29.9,107,34.9,79,95.7,60,48.6,106,17.9,233,29.9,250,38.5,311
2021,Maryland,B10,64.7,321,111.8,37,53.2,51,16.7,64,20.6,330,31.8,160,94.1,42,48.7,113,16.8,289,26.5,115,25.0,34
2021,Auburn,SEC,71.0,54,111.6,38,51.2,112,22.0,315,35.0,14,36.2,62,98.4,103,49.6,147,18.5,185,31.8,307,31.6,177
2021,South Dakota St.,Sum,70.9,59,111.5,39,56.5,6,17.3,95,24.0,276,38.0,29,104.6,222,51.2,222,15.3,330,21.1,4,26.3,53
2021,Ohio,MAC,69.2,123,111.4,40,54.7,26,17.1,79,28.6,147,29.3,234,100.9,145,50.7,198,19.2,140,26.7,129,29.3,119
2021,Loyola Chicago,MVC,63.7,342,111.3,41,55.7,10,18.3,137,27.1,187,31.5,172,87.0,2,47.2,45,21.5,50,20.9,3,22.7,11
2021,St. John's,BE,73.4,10,111.2,42,50.4,151,16.8,72,29.2,123,28.6,247,98.9,112,52.6,277,21.9,39,30.3,264,31.8,181
2021,Arkansas,SEC,72.6,19,111.1,43,50.7,128,17.1,81,31.7,63,32.7,148,89.6,10,47.9,67,20.1,91,26.5,116,29.0,114
2021,Florida,SEC,68.3,167,111.0,44,53.1,53,21.2,290,31.1,75,33.9,110,94.1,41,47.8,64,20.2,84,30.7,275,35.1,261
2021,San Diego St.,MWC,65.5,307,111.0,45,52.4,70,16.7,61,30.1,103,33.2,124,91.1,21,47.5,56,22.4,25,24.3,42,32.5,199
2021,Richmond,A10,68.2,169,110.9,46,53.1,55,15.0,8,20.3,332,31.3,174,98.1,99,52.2,263,21.6,45,28.7,203,29.3,121
2021,SMU,Amer,68.8,141,110.8,47,52.2,79,19.8,222,30.1,101,31.2,178,96.8,76,47.3,52,20.2,87,29.2,225,35.2,266
2021,Xavier,BE,67.9,186,110.6,48,52.1,80,16.0,32,26.8,200,25.9,307,97.9,94,47.6,57,16.4,303,27.3,147,23.5,17
2021,Missouri,SEC,68.4,163,110.6,49,50.8,127,18.7,165,28.5,151,37.1,44,95.5,57,48.5,100,18.0,219,28.8,209,36.7,290
2021,Saint Louis,A10,68.0,184,110.4,50,51.6,94,17.8,111,35.8,9,29.8,222,96.0,65,48.3,91,19.9,102,22.0,9,36.7,291
2021,Seton Hall,BE,66.5,264,110.3,51,50.0,171,18.9,171,29.6,114,35.7,67,95.9,63,49.4,140,19.2,143,29.8,246,27.3,66
2021,North Carolina,ACC,71.5,43,110.3,52,48.3,251,20.3,252,40.9,1,34.2,98,91.7,27,49.1,128,19.0,146,26.4,112,26.9,60
2021,Colgate,Pat,72.2,26,110.3,53,56.6,5,14.7,5,28.2,159,30.9,186,101.0,148,45.8,18,16.3,304,25.3,73,26.3,49
2021,Kansas,B12,68.2,174,110.1,54,49.4,196,17.1,80,30.5,87,29.8,220,90.2,12,48.0,79,20.0,99,26.8,136,26.8,59
2021,St. Bonaventure,A10,64.8,320,110.0,55,49.8,184,16.4,52,32.8,38,28.0,263,91.0,20,45.5,12,19.2,142,29.1,218,28.6,106
2021,UC Santa Barbara,BW,65.6,301,109.9,56,52.6,65,16.4,53,28.2,158,35.3,76,96.2,69,47.8,66,20.5,78,24.3,43,27.3,69
2021,Furman,SC,67.7,200,109.8,57,56.7,4,17.9,117,27.1,188,25.8,309,101.1,151,51.5,233,20.5,76,27.4,152,28.7,108
2021,Liberty,ASun,63.1,347,109.8,58,56.9,3,16.0,34,23.2,295,25.4,315,101.2,153,47.8,63,17.4,264,22.8,16,30.5,154
2021,Virginia Tech,ACC,65.7,298,109.7,59,52.3,76,17.2,84,27.8,171,33.4,121,95.3,53,48.8,118,17.9,232,24.4,44,31.9,184
2021,Oklahoma St.,B12,72.4,24,109.6,60,51.2,114,21.0,279,31.4,68,37.6,36,90.7,17,47.1,44,19.7,117,30.1,257,31.3,168
2021,Wichita St.,Amer,67.0,234,109.5,61,47.1,290,15.8,29,29.8,109,38.2,26,97.2,84,47.0,39,18.2,205,33.3,332,29.2,117
2021,Eastern Washington,BSky,72.2,27,109.5,62,54.2,31,16.6,56,23.6,288,30.5,199,101.3,156,48.0,75,16.1,312,25.6,83,27.4,71
2021,N.C. State,ACC,67.8,193,109.4,63,53.0,57,18.8,166,29.6,112,31.1,181,97.4,87,51.3,223,21.6,47,31.6,298,28.6,104
2021,Belmont,OVC,70.7,64,109.4,64,56.3,9,16.6,57,26.4,215,27.9,266,102.0,170,49.3,135,20.4,80,27.2,145,24.6,29
2021,Detroit,Horz,67.1,230,109.3,65,55.1,17,16.8,70,27.2,186,25.3,319,108.8,299,54.2,318,18.5,184,29.1,221,22.4,9
2021,Oral Roberts,Sum,71.4,46,109.3,66,53.0,56,15.5,16,22.7,309,27.9,270,104.4,219,50.1,175,18.4,194,33.5,334,31.6,174
2021,Marshall,CUSA,72.6,20,109.2,67,54.8,23,16.3,44,23.8,278,24.2,328,100.3,133,49.9,166,19.8,106,28.3,184,27.5,73
2021,Wyoming,MWC,69.0,129,109.1,68,53.7,42,16.0,31,22.9,304,35.3,75,109.0,301,52.9,287,18.2,208,27.8,166,33.9,236
2021,Boise St.,MWC,69.1,128,109.1,69,52.3,74,16.8,68,26.8,198,34.1,99,96.0,64,49.2,132,19.9,101,23.5,24,28.0,90
2021,Indiana,B10,65.9,289,109.1,70,48.5,243,17.2,87,25.5,241,41.5,8,94.2,43,48.8,117,17.6,248,27.4,151,33.5,222
2021,Vanderbilt,SEC,68.6,147,108.9,71,51.2,108,19.9,226,28.3,156,32.9,138,100.6,136,52.1,258,19.8,108,28.6,199,33.7,227
2021,Nevada,MWC,69.8,95,108.8,72,51.3,101,18.4,146,24.3,263,38.9,18,99.9,125,48.4,96,17.8,239,24.3,40,41.4,331
2021,Akron,MAC,68.5,153,108.6,73,51.5,95,17.0,77,30.1,99,30.7,193,101.5,159,48.6,104,16.4,300,28.8,208,27.3,68
2021,Southern Utah,BSky,69.9,92,108.5,74,52.4,68,16.0,33,29.2,126,39.4,17,105.4,240,51.7,241,17.0,282,23.9,32,31.2,164
2021,Arizona St.,P12,72.5,21,108.4,75,49.2,206,15.0,7,21.3,325,33.3,123,98.5,106,52.5,274,20.7,70,30.1,254,36.1,283
2021,Minnesota,B10,69.9,88,108.4,76,45.0,329,15.6,20,29.2,124,36.7,50,95.4,56,49.7,160,19.0,150,31.4,289,34.3,245
2021,Dayton,A10,65.5,305,108.3,77,55.5,13,21.2,292,23.0,300,33.7,114,98.6,109,48.5,97,17.5,259,29.0,216,26.3,52
2021,Bellarmine,ASun,65.1,315,108.3,78,55.3,15,17.3,96,25.7,238,28.2,259,108.3,293,55.4,335,22.7,16,28.6,200,28.4,96
2021,Pepperdine,WCC,71.4,47,108.3,79,51.2,106,17.7,108,23.7,286,31.8,161,99.3,120,50.0,170,18.1,215,26.5,122,34.0,239
2021,Wright St.,Horz,71.1,52,108.3,80,54.4,29,18.1,127,34.2,26,34.5,88,96.6,73,45.1,9,16.7,297,25.0,62,21.8,4
2021,Pittsburgh,ACC,68.3,165,108.2,81,48.8,223,18.3,140,34.5,21,36.9,47,99.5,122,50.0,171,17.5,260,26.1,101,33.2,210
2021,Rutgers,B10,67.4,214,108.1,82,50.1,168,16.8,67,27.7,176,27.1,281,90.6,16,47.3,49,18.9,156,29.7,245,32.4,194
2021,Colorado St.,MWC,69.0,133,108.1,83,54.1,34,19.7,212,24.2,270,32.8,140,96.6,72,48.9,119,20.0,98,26.7,130,26.3,51
2021,Kentucky,SEC,68.1,181,108.0,84,47.1,289,19.8,217,32.6,41,34.5,90,93.1,35,46.7,33,17.9,225,30.5,269,29.7,134
2021,Tennessee,SEC,67.1,232,108.0,85,49.6,189,18.2,131,31.3,71,34.4,92,88.1,5,46.3,27,22.8,13,28.8,206,30.6,156
2021,Georgia,SEC,73.2,13,107.9,86,50.7,129,21.5,300,32.8,37,34.4,93,99.2,118,52.5,273,21.6,46,32.3,317,31.4,171
2021,Georgetown,BE,69.7,101,107.9,87,49.4,194,21.5,301,32.2,52,30.8,190,95.0,49,48.9,123,16.2,308,26.9,139,25.9,45
2021,VMI,SC,69.9,89,107.8,88,53.8,41,16.9,73,22.6,312,28.8,242,106.7,269,50.5,190,13.4,345,25.7,88,23.3,14
2021,Loyola Marymount,WCC,66.0,284,107.8,89,51.7,91,23.4,336,32.5,43,41.3,9,99.0,114,50.8,203,17.4,265,20.7,2,34.8,256
2021,Missouri St.,MVC,69.1,127,107.8,90,54.2,33,18.2,136,23.8,277,30.6,196,98.5,104,47.5,54,14.2,342,22.2,12,28.0,88
2021,Weber St.,BSky,71.9,33,107.7,91,56.4,8,17.2,85,22.4,314,36.8,48,102.7,185,49.9,165,18.9,154,24.5,49,32.2,190
2021,Louisville,ACC,65.7,300,107.7,92,47.8,271,17.2,88,32.0,54,32.1,157,94.2,44,48.4,95,16.6,299,26.2,102,29.8,136
2021,Mississippi St.,SEC,65.8,296,107.7,93,50.2,164,22.1,318,35.8,10,33.7,115,95.3,54,47.1,43,17.2,269,27.5,155,24.8,32
2021,Marquette,BE,67.4,216,107.5,94,50.6,136,20.9,276,29.1,131,35.0,78,97.1,83,47.7,58,15.9,324,28.3,188,30.0,141
2021,Buffalo,MAC,73.1,16,107.4,95,51.2,116,18.5,152,37.3,6,29.8,222,96.1,67,46.3,25,17.5,258,27.1,144,28.5,103
2021,Providence,BE,66.3,270,107.3,96,48.3,250,17.2,83,29.1,129,31.6,168,96.6,74,48.6,103,16.8,293,29.9,249,30.1,145
2021,South Dakota,Sum,68.9,136,107.3,97,53.2,48,15.3,14,21.7,323,33.1,129,106.6,267,49.5,144,15.4,328,24.4,47,35.3,269
2021,Michigan St.,B10,68.3,164,107.1,98,48.1,257,18.8,169,30.5,91,31.3,176,94.2,45,48.1,82,15.2,333,26.3,107,36.9,293
2021,Yale,Ivy,67.9,185,107.1,99,0.0,348,100.0,348,0.0,348,0.0,348,102.1,172,100.0,348,0.0,348,100.0,348,100.0,348
2021,San Francisco,WCC,67.7,197,106.9,100,51.2,109,16.9,75,24.8,250,21.4,344,98.0,96,49.8,162,19.8,110,24.7,52,39.9,321
2021,North Texas,CUSA,62.7,350,106.7,101,53.8,40,19.8,220,27.9,167,27.0,286,95.0,48,46.4,28,20.9,65,27.7,160,30.6,157
2021,Western Kentucky,CUSA,67.4,219,106.6,102,50.5,140,20.5,257,31.8,61,35.5,70,98.0,97,49.4,138,18.9,158,24.2,38,22.4,8
2021,UCF,Amer,67.2,225,106.5,103,50.1,167,21.6,306,28.2,160,30.7,194,97.9,95,49.3,136,19.5,126,31.5,292,33.6,225
2021,Drexel,CAA,63.9,340,106.5,104,53.3,45,19.4,192,28.7,141,27.3,278,105.8,248,50.1,177,15.9,323,24.1,34,26.4,54
2021,UTSA,CUSA,71.8,37,106.5,105,49.4,200,15.7,27,26.5,210,23.7,333,105.9,252,50.9,204,18.1,214,26.9,138,38.3,307
2021,Wofford,SC,65.9,291,106.4,106,54.9,21,18.9,173,25.5,240,24.3,325,102.0,171,52.0,254,18.6,178,28.0,176,25.4,37
2021,Clemson,ACC,64.0,337,106.4,107,50.0,173,19.4,191,26.6,206,23.2,337,90.9,19,48.7,109,21.5,48,26.9,140,28.9,113
2021,Mercer,SC,67.7,196,106.2,108,54.3,30,18.0,121,26.1,229,24.8,322,102.8,186,50.2,179,16.8,294,26.0,97,27.1,65
2021,Mississippi,SEC,64.9,318,106.1,109,48.7,229,20.7,268,34.7,19,34.2,96,91.4,25,48.4,94,22.4,24,27.3,148,33.7,229
2021,Stanford,P12,69.2,120,106.0,110,51.4,99,21.0,284,25.1,245,36.5,54,92.2,28,48.3,87,20.3,83,28.7,204,27.0,61
2021,Miami OH,MAC,65.8,293,106.0,111,50.5,146,16.3,46,27.9,168,25.5,314,105.3,234,51.8,247,18.1,211,29.0,215,27.4,72
2021,Hofstra,CAA,68.1,179,105.9,112,50.8,125,17.4,98,29.2,125,33.2,128,108.4,295,51.1,218,17.4,263,28.9,212,25.8,44
2021,Kent St.,MAC,69.8,98,105.8,113,50.9,123,19.3,188,34.2,25,28.1,262,99.5,121,49.6,149,17.6,249,28.6,201,27.9,86
2021,Evansville,MVC,62.0,355,105.8,114,53.2,50,17.3,92,19.0,340,25.4,316,109.9,315,57.4,342,18.3,202,24.2,37,34.3,246
2021,Georgia St.,SB,70.5,78,105.7,115,51.3,102,16.9,74,30.9,78,32.6,149,104.8,226,48.8,114,19.7,113,32.5,322,34.6,250
2021,Bowling Green,MAC,69.8,96,105.5,116,47.6,277,13.5,2,30.3,95,27.9,269,101.9,168,51.0,210,19.0,149,29.5,233,29.9,138
2021,Memphis,Amer,71.3,48,105.5,117,50.9,121,21.7,308,33.6,30,32.7,145,86.4,1,44.4,5,22.1,35,23.7,30,35.3,267
2021,Vermont,AE,66.4,267,105.5,118,53.3,47,18.1,125,26.6,203,33.0,137,102.2,177,47.0,40,19.0,151,23.2,19,33.5,216
2021,California,P12,64.7,322,105.5,119,49.4,197,19.3,185,24.3,266,34.0,104,99.0,115,53.0,289,17.6,254,25.1,66,34.0,240
2021,Massachusetts,A10,71.6,41,105.4,120,50.0,172,16.4,51,24.3,264,34.2,95,100.0,128,50.9,207,19.9,100,25.6,80,33.4,213
2021,Grand Canyon,WAC,64.9,319,105.4,121,52.5,67,20.0,227,33.6,29,33.4,120,97.1,81,45.5,11,16.2,310,23.2,20,30.1,144
2021,VCU,A10,69.6,107,105.2,122,50.9,122,20.6,263,28.5,152,34.0,103,90.2,14,45.8,19,23.7,9,31.4,290,35.4,270
2021,Boston College,ACC,70.9,58,105.1,123,49.8,182,19.2,182,25.4,243,29.7,225,103.6,200,55.5,337,18.5,188,28.7,202,29.1,116
2021,Winthrop,BSth,73.1,14,105.0,124,52.6,63,19.3,190,35.4,12,35.6,69,96.5,71,49.1,126,22.0,38,22.1,10,34.4,248
2021,Jacksonville St.,OVC,65.8,292,104.9,125,52.4,71,19.9,224,32.3,45,30.9,187,104.5,220,48.1,84,15.7,326,27.9,173,25.5,38
2021,Utah St.,MWC,68.6,149,104.8,126,49.8,181,20.1,234,35.3,13,29.2,236,89.5,8,45.6,14,19.5,130,21.4,5,25.6,41
2021,Rhode Island,A10,69.0,134,104.7,127,49.2,207,19.7,213,30.0,105,38.9,20,97.5,89,47.8,65,17.5,255,26.6,127,33.5,220
2021,TCU,B12,66.6,258,104.7,128,49.9,178,21.0,283,29.0,134,32.4,153,101.9,166,50.8,199,17.0,281,29.2,226,29.4,124
2021,Cal St. Bakersfield,BW,63.6,344,104.6,129,48.4,246,19.6,206,38.5,3,26.9,288,101.4,158,50.6,194,20.6,74,25.7,87,42.2,334
2021,Gardner Webb,BSth,66.7,252,104.5,130,52.4,72,17.5,99,26.6,207,30.0,212,105.6,246,48.6,107,18.2,206,28.1,179,36.5,286
2021,Cal Baptist,WAC,70.5,76,104.3,131,53.9,38,19.7,214,27.4,182,36.9,46,110.6,321,51.6,238,16.1,313,28.0,178,37.2,296
2021,Northwestern,B10,68.4,160,104.3,132,50.3,163,17.2,86,19.9,335,26.8,292,93.4,37,50.2,178,17.9,226,25.9,90,33.7,228
2021,Louisiana Tech,CUSA,69.4,112,104.2,133,50.5,139,18.2,133,26.9,194,34.8,81,93.7,39,46.3,26,19.2,144,24.1,36,27.3,67
2021,New Mexico St.,WAC,64.6,325,104.1,134,49.4,198,18.3,141,34.3,23,31.0,184,102.7,184,49.5,142,18.6,179,26.5,119,34.0,242
2021,Washington,P12,71.0,53,104.0,135,48.9,219,19.2,184,23.4,293,26.2,299,100.4,134,51.2,221,17.2,271,34.4,341,34.7,253
2021,The Citadel,SC,74.2,4,104.0,136,51.8,89,16.1,38,22.5,313,33.5,119,109.1,305,52.8,285,13.9,343,25.7,85,25.9,46
2021,Austin Peay,OVC,66.8,249,104.0,137,50.4,155,21.2,289,35.6,11,29.4,230,109.0,302,54.8,329,22.3,26,29.6,241,32.9,207
2021,Princeton,Ivy,66.6,257,104.0,138,0.0,348,100.0,348,0.0,348,0.0,348,103.9,209,100.0,348,0.0,348,100.0,348,100.0,348
2021,South Carolina,SEC,74.6,3,103.9,139,46.7,298,19.8,223,32.2,51,27.9,265,98.9,113,53.2,299,22.0,36,31.3,287,39.0,314
2021,Oakland,Horz,69.6,104,103.9,140,48.7,232,17.8,115,30.0,106,33.2,125,109.2,306,55.4,334,18.7,166,33.6,338,21.3,3
2021,Rice,CUSA,69.3,114,103.9,141,52.6,62,20.3,251,26.2,225,26.2,298,106.2,261,51.8,245,17.2,276,27.2,146,22.0,5
2021,Northern Kentucky,Horz,64.7,323,103.8,142,50.6,131,18.6,156,34.9,15,27.8,274,108.0,286,51.7,244,18.9,159,32.7,324,32.5,196
2021,UNLV,MWC,66.1,281,103.7,143,50.6,132,19.5,204,28.7,143,21.4,345,104.4,217,51.9,250,17.7,246,24.9,60,33.7,230
2021,North Dakota St.,Sum,64.6,327,103.7,144,50.4,156,18.7,164,28.7,146,33.6,117,100.9,143,49.9,168,13.8,344,19.7,1,26.3,50
2021,Navy,Pat,65.9,286,103.7,145,50.0,169,18.2,134,32.2,47,33.0,135,103.7,201,52.4,271,22.4,22,25.0,61,32.5,198
2021,UNC Greensboro,SC,68.0,183,103.6,146,47.9,264,15.5,17,32.1,53,23.7,332,95.8,62,48.2,86,21.1,56,25.7,86,36.5,289
2021,UC Riverside,BW,66.7,254,103.6,147,52.5,66,17.8,112,26.2,221,22.0,342,95.6,58,45.8,17,16.4,301,23.7,27,28.5,102
2021,Cincinnati,Amer,70.7,66,103.6,148,48.4,247,20.5,258,29.1,128,33.0,136,97.5,90,49.6,146,18.6,173,26.1,98,37.8,299
2021,Bradley,MVC,65.9,288,103.5,149,49.9,175,18.9,172,28.0,166,22.6,341,101.7,162,51.1,219,17.9,238,26.2,103,30.2,147
2021,Pacific,WCC,67.0,237,103.5,150,47.8,270,16.6,59,27.4,183,26.8,291,98.1,98,51.6,239,18.4,200,23.7,29,33.2,211
2021,James Madison,CAA,71.8,36,103.5,151,50.5,144,16.7,63,27.9,170,40.9,11,104.2,210,49.6,152,20.9,63,28.1,182,33.4,214
2021,Stephen F. Austin,Slnd,69.7,102,103.5,152,55.0,20,23.5,337,36.7,7,44.0,1,102.2,174,50.9,205,24.5,3,27.4,153,42.2,333
2021,UAB,CUSA,67.0,238,103.5,153,48.6,238,15.6,22,29.0,135,29.9,215,95.0,50,47.0,41,22.8,14,25.4,74,27.1,63
2021,Ball St.,MAC,70.7,67,103.4,154,51.3,100,19.8,218,27.8,173,28.7,244,101.9,167,48.9,122,17.2,274,30.5,270,35.7,275
2021,Northern Iowa,MVC,68.8,139,103.3,155,50.0,170,19.1,179,26.4,216,26.5,296,103.0,190,52.9,286,16.8,290,21.9,6,27.7,80
2021,UTEP,CUSA,67.8,191,103.3,156,47.5,279,16.1,37,24.7,252,29.9,214,100.2,131,49.7,159,19.0,148,25.5,77,40.8,326
2021,South Alabama,SB,66.5,261,103.3,157,50.8,124,17.7,110,26.4,212,31.0,182,108.4,294,49.7,154,19.4,133,33.0,328,24.6,28
2021,Murray St.,OVC,66.2,275,103.3,158,54.7,27,19.3,189,27.6,179,26.1,303,103.5,195,49.7,155,19.4,131,26.0,95,31.4,173
2021,East Tennessee St.,SC,65.4,311,103.2,159,50.3,158,20.3,246,30.5,89,29.8,221,99.2,117,50.4,188,19.8,107,26.5,120,31.6,176
2021,Bryant,NEC,74.0,6,103.2,160,53.3,46,20.3,249,28.3,153,33.9,108,104.7,223,46.8,37,17.4,262,30.3,261,27.7,78
2021,Chattanooga,SC,66.4,269,103.0,161,50.4,150,15.9,30,22.6,310,28.1,261,102.3,178,51.9,249,18.8,160,25.1,65,23.4,16
2021,Campbell,BSth,63.9,338,102.9,162,55.7,11,18.5,151,19.6,337,33.8,112,107.6,281,52.0,257,21.5,49,30.9,279,30.5,155
2021,Lafayette,Pat,68.6,145,102.9,163,50.6,134,15.0,9,23.7,285,30.3,203,112.0,335,50.9,208,16.0,319,28.5,195,33.7,231
2021,Butler,BE,64.6,326,102.7,164,47.5,280,17.3,93,26.0,230,29.4,229,97.4,86,53.0,295,18.6,180,25.2,67,28.5,100
2021,Tulsa,Amer,65.6,303,102.6,165,49.0,211,20.0,229,26.5,209,33.1,130,97.5,91,48.5,98,21.7,43,32.1,313,35.1,259
2021,Indiana St.,MVC,66.9,244,102.6,166,48.9,221,18.3,143,25.2,244,36.3,57,97.3,85,51.5,234,21.7,42,27.7,161,28.3,95
2021,Washington St.,P12,67.6,207,102.4,167,47.9,265,21.6,304,30.7,84,34.7,82,91.3,24,46.6,32,18.5,186,26.0,93,32.7,203
2021,Sacramento St.,BSky,65.3,313,102.4,168,50.6,135,14.9,6,24.5,259,31.5,173,110.3,318,55.6,339,18.8,163,28.0,174,32.0,185
2021,Green Bay,Horz,65.9,285,102.3,169,49.2,208,15.4,15,26.0,231,27.3,278,110.6,324,53.5,307,16.9,284,29.3,227,31.9,182
2021,Charleston,CAA,63.5,345,102.2,170,51.6,92,16.3,48,24.2,269,27.1,284,108.6,297,52.0,256,17.7,245,26.0,96,33.5,221
2021,Youngstown St.,Horz,67.6,202,102.2,171,48.7,228,16.7,65,32.9,33,31.6,165,109.5,310,54.3,320,18.7,171,29.0,214,26.3,48
2021,Miami FL,ACC,67.8,190,102.1,172,47.4,281,18.4,149,27.0,190,32.8,141,99.1,116,52.5,275,17.9,229,26.3,104,19.8,2
2021,UNC Wilmington,CAA,69.0,130,102.1,173,48.6,237,16.1,39,26.5,211,37.1,43,109.5,309,51.6,237,18.9,152,31.5,294,31.7,179
2021,Florida Atlantic,CUSA,68.1,177,101.9,174,51.4,97,20.4,256,31.6,65,30.1,207,103.1,192,49.7,157,18.6,175,23.3,21,38.0,303
2021,Texas A&M,SEC,64.3,334,101.9,175,47.6,278,22.3,319,32.8,35,34.0,107,98.9,111,53.1,298,22.9,12,30.2,259,29.6,133
2021,North Florida,ASun,66.5,260,101.9,176,52.7,61,21.5,302,25.8,235,25.4,317,114.2,352,50.3,182,16.2,309,35.8,345,31.8,180
2021,Harvard,Ivy,68.1,180,101.9,177,0.0,348,100.0,348,0.0,348,0.0,348,103.2,194,100.0,348,0.0,348,100.0,348,100.0,348
2021,Saint Mary's,WCC,62.9,348,101.8,178,47.8,269,17.0,76,25.8,236,27.7,276,90.2,13,47.7,62,18.4,201,21.9,7,28.0,89
2021,Nebraska,B10,71.8,35,101.8,179,48.2,253,19.6,205,23.1,299,31.0,185,94.1,40,49.8,163,18.1,212,28.9,210,28.4,98
2021,Milwaukee,Horz,69.8,97,101.8,180,49.5,190,15.3,12,24.3,265,33.2,126,106.9,271,52.6,281,18.6,181,26.8,135,35.0,258
2021,La Salle,A10,68.5,155,101.8,181,50.1,165,20.7,267,26.8,197,24.3,326,105.6,245,52.1,259,19.5,128,29.4,231,36.1,282
2021,UC San Diego,BW,69.7,99,101.7,182,55.0,18,19.6,208,16.7,344,20.8,346,108.0,289,54.5,324,18.4,196,31.7,300,22.4,7
2021,Duquesne,A10,69.0,135,101.7,183,47.6,276,19.5,201,31.0,76,31.6,166,97.0,80,47.3,46,19.6,123,30.1,255,35.5,272
2021,Abilene Christian,Slnd,69.3,115,101.7,184,51.2,110,19.2,183,30.6,85,32.7,143,91.6,26,46.0,22,26.5,1,27.9,168,41.1,328
2021,Hawaii,BW,66.9,245,101.7,185,50.6,137,19.8,219,29.1,127,30.3,202,103.9,208,50.1,176,16.8,292,26.5,113,27.7,79
2021,Cal St. Northridge,BW,70.1,86,101.7,186,48.4,248,16.7,62,24.3,267,31.7,164,110.4,320,54.3,321,18.6,177,28.9,211,32.4,192
2021,George Washington,A10,67.8,188,101.6,187,49.8,183,19.7,216,24.5,260,36.1,63,107.8,285,51.0,214,16.7,296,28.5,197,25.0,33
2021,Cal St. Fullerton,BW,71.8,39,101.6,188,51.2,107,17.6,104,24.9,247,35.6,68,109.6,313,54.9,331,18.6,172,29.1,219,27.8,83
2021,Temple,Amer,68.6,148,101.5,189,46.7,297,19.5,199,25.9,232,38.9,19,98.8,110,47.3,48,16.0,318,28.1,181,31.7,178
2021,Cornell,Ivy,66.8,246,101.3,190,0.0,348,100.0,348,0.0,348,0.0,348,106.5,266,100.0,348,0.0,348,100.0,348,100.0,348
2021,Wake Forest,ACC,67.0,241,101.3,191,49.0,212,20.0,231,26.2,227,28.5,250,101.9,169,54.5,323,17.9,235,25.9,92,32.1,186
2021,UC Irvine,BW,67.4,222,101.3,192,47.3,282,19.0,174,31.7,64,29.1,238,93.4,38,45.6,13,18.2,207,24.7,56,28.1,91
2021,Sam Houston St.,Slnd,70.9,57,101.3,193,50.4,153,20.3,244,29.3,118,30.0,212,102.3,179,48.5,101,22.0,37,32.7,325,39.5,318
2021,Saint Joseph's,A10,72.1,30,101.2,194,48.6,240,18.7,162,21.8,321,26.7,294,105.1,230,53.6,308,17.2,273,30.9,280,31.4,170
2021,George Mason,A10,68.1,176,101.1,195,48.7,227,17.7,109,30.3,97,29.3,232,98.4,102,50.3,186,19.3,138,22.9,17,28.6,105
2021,Old Dominion,CUSA,67.4,217,101.0,196,48.6,234,18.5,154,27.8,172,31.3,175,99.9,126,50.0,171,19.5,129,25.9,89,29.4,126
2021,Eastern Kentucky,OVC,74.8,2,101.0,197,51.2,105,16.6,60,26.8,201,25.6,312,101.5,160,51.0,212,24.3,5,30.2,260,32.2,187
2021,Lipscomb,ASun,66.0,282,100.9,198,51.2,115,17.4,97,23.2,296,36.5,53,107.7,282,51.5,236,18.4,192,28.4,191,22.7,10
2021,St. Francis NY,NEC,72.5,22,100.9,199,49.5,192,16.3,47,30.2,98,30.7,191,113.4,347,52.7,282,19.9,103,30.3,263,39.1,315
2021,South Florida,Amer,66.8,247,100.8,200,45.1,328,20.8,273,33.8,28,34.5,87,101.0,147,51.7,242,17.8,244,26.5,121,33.5,217
2021,Wagner,NEC,65.5,304,100.8,201,49.1,209,18.1,126,34.8,18,28.0,264,106.5,265,50.3,183,20.9,62,28.1,180,44.3,338
2021,Fairleigh Dickinson,NEC,70.6,68,100.7,202,51.9,85,19.5,200,28.7,144,31.1,180,113.1,345,53.0,293,19.3,136,33.2,331,33.9,237
2021,UMBC,AE,67.5,208,100.6,203,50.3,162,18.8,168,25.8,233,36.6,52,100.8,139,46.5,30,17.9,236,24.3,41,25.6,42
2021,UNC Asheville,BSth,68.2,170,100.6,204,54.6,28,21.2,291,26.8,199,30.2,204,107.8,283,49.7,161,19.7,120,33.2,330,32.3,191
2021,Morehead St.,OVC,65.2,314,100.6,205,52.2,78,23.1,333,31.4,67,36.2,60,97.4,88,47.3,51,17.6,250,25.3,72,23.1,12
2021,Cleveland St.,Horz,66.1,279,100.6,206,50.5,141,18.8,167,30.7,83,32.5,150,100.7,138,49.1,125,20.0,96,32.3,320,37.6,298
2021,Utah Valley,WAC,70.2,85,100.5,207,51.4,98,21.2,293,31.7,62,43.5,3,104.3,215,48.7,112,14.8,335,24.0,33,34.6,251
2021,Santa Clara,WCC,70.4,81,100.4,208,47.7,275,17.9,116,23.0,301,39.9,16,98.5,105,47.4,53,16.9,288,24.9,58,30.1,143
2021,Nicholls St.,Slnd,71.6,42,100.4,209,51.0,119,17.7,107,28.9,136,27.8,273,103.7,204,49.2,133,20.7,71,28.4,192,34.3,247
2021,Boston University,Pat,65.6,302,100.3,210,49.7,187,18.3,139,29.0,133,28.6,246,109.3,307,53.6,309,15.2,334,26.1,99,29.8,137
2021,Louisiana,SB,71.0,56,100.3,211,50.3,161,20.4,253,32.2,50,30.1,209,104.2,214,48.4,93,17.2,268,27.9,170,30.3,148
2021,Stetson,ASun,67.8,194,100.3,212,50.4,149,19.6,210,28.1,162,28.1,260,106.8,270,52.4,267,17.4,261,26.8,134,30.4,149
2021,Iowa St.,B12,69.9,91,100.3,213,48.0,260,21.1,285,24.3,262,19.6,347,100.4,135,52.0,252,18.4,195,33.0,329,36.2,284
2021,Purdue Fort Wayne,Horz,69.5,109,100.3,214,58.2,2,23.7,340,26.2,223,30.2,205,111.2,329,52.5,272,17.1,278,30.8,278,30.4,152
2021,Central Michigan,MAC,72.1,29,100.2,215,48.7,231,17.9,119,26.6,204,36.2,61,111.3,330,54.0,314,18.2,209,32.2,316,27.5,75
2021,Penn,Ivy,69.2,124,100.2,216,0.0,348,100.0,348,0.0,348,0.0,348,105.3,236,100.0,348,0.0,348,100.0,348,100.0,348
2021,Iona,MAAC,67.7,199,100.2,217,50.7,130,22.5,326,32.6,42,34.5,91,101.0,146,46.0,20,19.7,118,26.9,137,46.1,342
2021,Morgan St.,MEAC,71.9,32,100.0,218,48.7,233,20.7,269,34.5,20,37.5,37,105.7,247,48.0,80,22.1,30,29.5,234,42.9,335
2021,Southern Illinois,MVC,66.2,274,100.0,219,52.2,77,18.5,153,16.6,345,29.8,224,102.8,188,53.1,296,19.0,147,25.6,78,23.9,22
2021,Western Carolina,SC,70.5,77,99.9,220,51.8,87,19.4,196,22.6,311,32.2,156,106.9,272,54.1,317,15.9,322,24.5,48,28.5,101
2021,Texas Southern,SWAC,71.5,45,99.8,221,47.7,273,20.8,270,32.4,44,38.5,24,104.2,212,46.7,35,19.3,135,26.5,114,34.3,244
2021,Niagara,MAAC,64.5,329,99.8,222,46.6,301,15.2,11,23.4,292,34.6,85,107.5,280,49.5,141,20.1,90,28.4,193,32.5,197
2021,UMass Lowell,AE,69.0,131,99.8,223,51.2,111,21.0,281,27.0,191,37.2,41,106.1,259,48.4,92,16.3,305,26.6,126,39.5,317
2021,Siena,MAAC,66.2,273,99.8,224,52.0,83,19.5,198,28.0,165,37.2,38,101.8,163,46.0,21,17.8,240,27.1,142,24.7,30
2021,Tulane,Amer,67.4,221,99.8,225,44.2,339,16.6,55,22.9,305,36.6,51,97.8,93,49.7,158,22.1,33,30.6,272,30.0,140
2021,Kansas St.,B12,65.5,308,99.6,226,47.2,285,22.3,324,29.9,108,27.9,267,98.1,100,53.0,292,19.7,116,27.9,171,32.2,188
2021,Fresno St.,MWC,65.8,295,99.6,227,48.8,224,21.5,303,30.5,90,36.8,49,102.2,176,51.3,225,18.9,155,25.0,63,33.6,224
2021,Texas St.,SB,62.4,354,99.6,228,51.8,86,20.1,238,28.6,148,27.1,283,100.8,141,49.7,153,22.7,15,26.5,117,33.3,212
2021,Rider,MAAC,67.6,205,99.5,229,48.3,252,18.3,142,26.2,224,29.0,240,113.7,350,53.3,303,17.3,267,26.7,132,36.0,281
2021,Montana St.,BSky,68.2,168,99.4,230,49.7,188,17.8,114,24.2,271,40.3,14,103.6,198,49.7,156,18.8,164,26.5,118,37.2,295
2021,Coastal Carolina,SB,71.1,51,99.3,231,49.7,185,21.8,312,34.8,17,33.8,113,100.2,130,46.5,31,17.9,227,26.4,111,29.5,131
2021,East Carolina,Amer,67.9,187,99.3,232,45.2,326,18.5,155,26.9,195,33.1,133,98.6,107,48.9,120,20.6,75,27.7,163,38.3,304
2021,Arkansas St.,SB,67.6,201,99.2,233,48.0,258,19.4,195,30.8,80,34.6,83,107.0,276,49.6,145,17.5,256,28.0,175,27.9,85
2021,Norfolk St.,MEAC,67.5,211,99.1,234,48.7,230,17.6,102,27.8,175,37.1,45,103.6,199,47.5,55,20.4,82,29.3,229,40.6,325
2021,Canisius,MAAC,70.6,74,99.1,235,47.0,292,16.8,69,26.6,202,31.6,170,107.0,273,50.5,192,20.2,85,26.8,133,31.6,175
2021,Towson,CAA,65.8,294,99.0,236,45.4,322,18.4,145,34.1,27,33.4,122,111.4,332,52.6,279,16.0,320,30.3,262,29.3,123
2021,Monmouth,MAAC,74.2,5,99.0,237,48.5,245,17.7,106,25.7,238,38.2,27,105.1,229,48.6,105,20.9,61,28.5,198,38.4,310
2021,Northern Colorado,BSky,67.8,189,99.0,238,51.3,103,20.6,260,24.7,253,32.3,155,105.1,231,49.2,130,15.9,321,24.4,46,34.8,255
2021,Montana,BSky,65.7,299,98.8,239,48.9,222,19.4,197,22.8,307,35.9,64,101.2,154,49.6,151,18.3,203,29.2,223,40.4,323
2021,Illinois St.,MVC,69.0,132,98.7,240,50.4,152,19.3,186,23.7,284,23.7,334,102.3,180,51.6,240,16.7,298,26.3,106,26.7,58
2021,Seattle,WAC,68.8,140,98.6,241,46.5,303,15.7,23,26.3,219,28.4,252,103.5,197,50.5,191,21.7,44,30.1,256,40.4,322
2021,Northeastern,CAA,67.0,236,98.5,242,51.6,93,19.5,203,20.2,333,26.1,304,98.6,108,48.3,90,17.2,270,26.3,108,29.3,122
2021,Little Rock,SB,67.0,240,98.4,243,50.4,148,22.4,325,31.1,73,37.7,34,105.3,235,50.7,197,20.1,94,28.0,177,27.8,84
2021,Northern Arizona,BSky,63.9,339,98.4,244,48.0,262,17.9,118,23.8,281,30.4,200,112.7,344,58.2,344,18.4,197,27.9,172,33.2,209
2021,Appalachian St.,SB,65.5,310,98.4,245,46.9,293,17.7,105,28.2,161,32.7,144,103.1,191,50.0,169,19.8,105,30.2,258,23.7,19
2021,UT Arlington,SB,69.2,118,98.2,246,46.1,309,16.2,42,26.9,196,26.2,300,106.1,260,50.0,173,19.6,124,32.3,319,29.4,129
2021,Howard,MEAC,69.5,110,98.2,247,51.1,118,18.5,150,20.4,331,37.1,42,112.2,337,53.5,305,12.6,347,31.2,285,27.1,64
2021,Sacred Heart,NEC,66.2,272,98.2,248,48.0,259,18.7,161,29.6,115,33.6,118,113.5,348,50.7,195,15.3,331,31.8,305,27.6,77
2021,Robert Morris,Horz,67.3,224,98.1,249,50.5,145,19.0,176,29.5,117,26.1,302,110.6,323,54.6,325,18.7,169,33.5,335,34.6,252
2021,Army,Pat,68.4,157,98.1,250,51.8,88,18.1,130,23.2,297,29.4,231,101.6,161,52.4,270,19.4,132,24.7,53,24.2,25
2021,Longwood,BSth,65.0,317,98.0,251,49.9,179,19.8,221,27.7,177,31.6,169,105.4,237,51.8,246,20.4,81,27.3,149,33.5,218
2021,Western Illinois,Sum,71.5,44,98.0,252,45.8,315,17.3,91,27.9,169,36.5,55,109.4,308,54.4,322,16.1,315,23.1,18,38.8,312
2021,UC Davis,BW,69.2,119,98.0,253,48.2,255,20.3,247,26.9,193,36.4,56,102.3,181,53.0,290,23.4,10,27.6,156,40.6,324
2021,North Dakota,Sum,67.1,229,97.7,254,49.4,199,18.7,163,23.5,290,34.6,84,108.1,291,53.2,301,16.9,285,26.6,125,30.4,151
2021,Radford,BSth,63.5,346,97.7,255,50.5,143,23.3,335,33.4,31,40.2,15,104.8,225,49.9,167,18.0,218,24.5,50,25.1,36
2021,Long Beach St.,BW,73.7,8,97.6,256,50.6,133,21.0,280,23.3,294,37.7,35,104.7,224,49.4,139,17.8,243,31.3,288,34.9,257
2021,DePaul,BE,70.6,72,97.6,257,46.1,307,22.1,317,31.8,60,23.7,335,94.8,47,48.0,73,20.1,89,31.5,293,35.3,268
2021,Central Arkansas,Slnd,70.9,61,97.6,258,49.3,203,23.9,343,28.9,137,32.4,154,113.8,351,53.9,311,15.4,329,28.5,196,28.8,109
2021,San Diego,WCC,70.2,84,97.4,259,46.4,304,18.0,124,20.9,327,25.6,313,100.7,137,53.3,302,18.2,204,25.6,82,33.8,234
2021,New Orleans,Slnd,72.4,23,97.3,260,52.3,75,22.3,321,29.3,120,33.1,132,108.1,290,51.4,229,21.2,54,32.0,310,38.4,309
2021,Charlotte,CUSA,62.7,351,97.3,261,49.2,205,20.1,237,21.7,322,37.2,39,103.8,206,50.9,206,18.5,190,24.7,55,23.4,15
2021,Bucknell,Pat,71.8,34,97.3,262,52.0,84,17.3,94,19.8,336,36.3,58,108.0,288,49.6,148,15.7,325,28.3,187,29.2,118
2021,Albany,AE,69.6,108,97.3,263,50.5,142,18.0,123,22.3,315,34.1,101,104.2,211,51.3,228,20.9,60,27.3,150,29.3,120
2021,FIU,CUSA,70.3,82,97.3,264,50.5,147,20.9,275,25.8,234,24.0,329,109.1,304,53.9,312,21.5,51,33.6,337,34.7,254
2021,Holy Cross,Pat,69.1,126,97.2,265,50.3,160,18.3,138,26.4,212,26.1,305,109.8,314,52.6,276,18.5,187,31.5,295,35.2,265
2021,Binghamton,AE,65.9,290,97.2,266,48.9,218,20.6,259,29.2,121,23.2,338,112.5,340,51.5,235,16.4,302,27.7,159,31.3,169
2021,Portland,WCC,71.0,55,97.1,267,46.3,306,19.0,177,17.8,343,33.9,109,111.8,334,58.9,346,17.9,234,30.8,277,23.2,13
2021,Eastern Michigan,MAC,68.1,178,97.1,268,46.7,299,17.1,78,24.2,268,26.9,287,108.5,296,58.7,345,19.1,145,31.6,296,28.2,93
2021,Delaware,CAA,66.5,262,97.0,269,49.5,193,21.2,288,28.3,155,38.8,21,103.1,193,48.1,83,17.2,272,26.0,93,32.4,193
2021,Tarleton St.,WAC,64.4,331,97.0,270,48.6,235,18.4,148,19.3,338,38.1,28,105.9,256,52.1,261,23.4,11,31.7,299,45.5,340
2021,Hartford,AE,66.9,243,97.0,271,49.9,176,19.6,207,24.7,255,28.6,249,100.0,127,47.7,59,20.1,95,29.0,217,24.4,27
2021,Loyola MD,Pat,68.4,162,96.8,272,51.1,117,20.2,241,31.3,70,35.4,73,101.8,165,49.3,137,19.3,139,25.6,79,33.4,215
2021,Northwestern St.,Slnd,70.8,62,96.7,273,48.9,220,19.5,202,26.2,226,30.1,208,110.9,327,53.5,306,18.0,217,31.7,302,35.1,260
2021,Elon,CAA,66.5,265,96.7,274,48.3,249,17.5,100,24.6,256,23.2,339,100.9,142,49.6,150,17.9,230,22.7,15,39.6,320
2021,Valparaiso,MVC,67.0,239,96.6,275,47.2,286,18.0,120,20.9,328,26.1,301,99.5,123,50.3,184,17.8,241,26.3,109,28.8,110
2021,Samford,SC,72.7,17,96.5,276,47.9,267,21.4,294,28.8,140,27.1,282,106.0,257,52.8,284,18.4,193,25.5,76,37.9,300
2021,American,Pat,67.4,215,96.5,277,52.6,64,22.3,320,24.1,272,26.8,293,106.2,262,50.2,181,17.6,251,29.9,251,38.4,308
2021,UMKC,Sum,62.5,352,96.2,278,51.2,113,19.6,209,21.6,324,30.5,197,100.2,129,52.3,265,22.5,21,24.6,51,55.3,347
2021,IUPUI,Horz,72.1,28,96.2,279,49.0,213,19.1,180,25.4,242,30.5,198,105.5,243,52.7,283,18.9,157,25.3,71,35.1,262
2021,High Point,BSth,66.1,277,96.1,280,45.8,313,18.6,158,31.9,58,38.3,25,107.3,277,52.4,268,20.1,92,28.3,185,34.1,243
2021,Tennessee Tech,OVC,68.8,142,96.0,281,50.1,166,22.6,330,26.5,208,27.0,285,109.9,316,54.8,330,18.1,213,27.8,165,26.7,56
2021,New Hampshire,AE,66.4,266,96.0,282,45.3,325,16.3,50,27.3,184,32.8,142,105.8,249,49.5,143,17.9,237,22.0,8,39.2,316
2021,McNeese St.,Slnd,68.5,156,95.7,283,53.1,52,23.0,332,27.0,189,30.7,192,114.5,353,54.7,328,17.7,247,28.1,183,30.7,159
2021,North Carolina A&T,MEAC,70.6,73,95.6,284,45.4,321,18.7,160,27.6,180,35.8,65,106.7,268,52.0,253,23.9,7,36.1,346,31.2,166
2021,San Jose St.,MWC,71.8,38,95.5,285,44.7,332,17.8,113,20.0,334,30.0,211,112.3,338,52.6,278,14.5,339,35.1,342,27.6,76
2021,Eastern Illinois,OVC,68.9,138,95.5,286,49.3,202,20.0,230,28.8,138,25.7,310,108.7,298,51.9,248,18.8,165,29.6,238,31.0,162
2021,Southeast Missouri St.,OVC,68.4,158,95.5,287,49.9,177,21.7,311,27.6,178,40.5,12,105.5,242,51.9,251,19.7,119,23.6,26,38.9,313
2021,Brown,Ivy,69.7,100,95.2,288,0.0,348,100.0,348,0.0,348,0.0,348,102.9,189,100.0,348,0.0,348,100.0,348,100.0,348
2021,Hampton,BSth,70.4,80,94.9,289,49.5,191,18.2,132,22.2,316,28.6,248,110.6,322,49.2,134,17.9,228,31.9,309,35.4,271
2021,Fairfield,MAAC,64.3,333,94.9,290,45.4,320,19.7,211,28.0,164,34.1,102,107.8,284,49.1,129,16.3,306,26.6,123,30.7,160
2021,William & Mary,CAA,68.1,182,94.8,291,46.1,308,20.2,240,28.6,150,32.0,159,107.3,278,51.0,211,16.9,283,31.8,303,23.6,18
2021,Dartmouth,Ivy,66.6,259,94.8,292,0.0,348,100.0,348,0.0,348,0.0,348,105.5,244,100.0,348,0.0,348,100.0,348,100.0,348
2021,USC Upstate,BSth,68.3,166,94.8,293,49.0,214,20.8,271,24.0,275,29.8,217,109.5,312,53.7,310,18.7,167,29.6,242,35.2,264
2021,Western Michigan,MAC,66.0,283,94.7,294,49.3,201,21.1,286,23.5,291,24.2,327,105.2,233,50.2,180,14.3,340,29.4,230,26.2,47
2021,Stony Brook,AE,66.4,268,94.7,295,46.0,310,20.2,239,30.3,96,33.0,134,101.3,157,48.3,89,18.8,162,27.1,143,29.6,132
2021,St. Francis PA,NEC,68.5,154,94.7,296,47.9,266,20.2,242,28.8,139,33.7,116,108.0,287,51.4,230,18.6,182,28.7,205,29.4,128
2021,North Alabama,ASun,70.6,75,94.7,297,48.2,256,20.3,245,26.1,228,28.3,257,105.2,232,51.3,227,18.7,170,24.1,35,35.7,277
2021,Columbia,Ivy,68.9,137,94.7,298,0.0,348,100.0,348,0.0,348,0.0,348,105.9,255,100.0,348,0.0,348,100.0,348,100.0,348
2021,Prairie View A&M,SWAC,69.2,121,94.6,299,50.3,159,19.4,193,30.9,77,26.9,289,101.2,152,47.3,50,25.7,2,31.4,290,46.3,343
2021,Nebraska Omaha,Sum,70.7,65,94.6,300,46.3,305,18.1,129,23.2,298,29.2,235,107.0,275,53.5,304,16.8,291,26.7,131,31.1,163
2021,Mount St. Mary's,NEC,61.6,356,94.5,301,48.6,239,20.1,235,31.3,69,29.8,218,101.1,150,45.4,10,16.0,317,24.9,59,25.0,35
2021,Air Force,MWC,62.8,349,94.4,302,52.1,81,22.6,329,15.3,347,30.9,188,110.9,326,57.4,343,21.8,41,35.5,343,32.8,206
2021,NJIT,AE,68.2,171,94.2,303,45.9,312,16.2,41,24.1,273,34.2,97,106.2,263,52.3,266,20.9,59,29.2,224,29.4,127
2021,Denver,Sum,70.9,60,94.2,304,49.8,180,20.9,278,22.0,317,34.1,100,112.6,341,55.8,340,18.9,153,26.1,100,43.0,336
2021,Georgia Southern,SB,66.6,255,94.1,305,48.0,263,21.4,297,30.4,93,29.1,237,104.2,213,51.0,213,22.1,29,31.0,281,31.4,172
2021,Idaho St.,BSky,64.2,335,93.7,306,47.2,287,23.5,338,30.8,82,38.7,22,102.2,175,48.0,76,18.1,216,26.3,105,35.6,274
2021,Jacksonville,ASun,67.6,204,93.7,307,48.8,225,20.0,233,24.7,251,34.3,94,105.5,241,51.4,231,20.8,67,30.5,268,27.8,82
2021,Incarnate Word,Slnd,64.7,324,93.6,308,50.3,157,20.6,262,23.0,303,32.5,151,112.7,342,52.1,260,18.5,183,32.2,315,33.8,233
2021,Florida Gulf Coast,ASun,70.6,69,93.5,309,47.7,274,20.3,250,28.6,149,24.0,330,104.4,218,48.7,110,18.8,161,29.6,239,26.7,57
2021,LIU,NEC,73.7,9,93.4,310,47.3,284,19.3,187,32.9,34,31.2,179,103.7,205,49.9,164,20.9,64,28.5,194,28.4,97
2021,North Carolina Central,MEAC,65.9,287,93.3,311,46.9,295,21.4,295,26.4,214,34.5,89,109.5,311,51.0,215,20.8,66,33.6,336,38.3,305
2021,Northern Illinois,MAC,65.4,312,93.3,312,44.4,335,20.2,243,32.7,39,23.9,331,111.2,328,54.7,327,17.1,280,31.2,286,33.8,232
2021,Louisiana Monroe,SB,67.1,231,93.2,313,48.2,254,19.1,181,22.9,306,25.1,320,105.4,239,50.4,187,21.3,53,32.0,311,34.0,241
2021,Portland St.,BSky,69.2,116,93.1,314,44.4,337,20.0,232,30.5,88,34.6,86,100.3,132,50.8,201,22.7,17,23.6,25,46.7,344
2021,Illinois Chicago,Horz,68.2,175,93.1,315,49.7,186,18.8,170,23.7,287,22.8,340,104.5,221,48.0,81,14.2,341,27.6,157,33.9,238
2021,Lamar,Slnd,67.5,210,93.1,316,46.0,311,20.1,236,26.3,217,30.8,189,105.9,254,52.3,264,20.0,97,28.8,207,27.5,74
2021,Southern Miss,CUSA,67.4,218,92.9,317,47.3,283,20.7,264,23.8,282,28.7,245,101.1,149,50.3,185,18.6,174,23.4,22,29.5,130
2021,Southeastern Louisiana,Slnd,68.6,150,92.9,318,45.4,324,21.9,314,31.2,72,41.0,10,110.8,325,55.2,333,22.1,28,30.0,253,38.0,302
2021,SIU Edwardsville,OVC,68.2,172,92.6,319,49.2,204,22.9,331,26.6,205,33.2,127,107.4,279,52.6,280,19.6,121,31.9,308,33.7,226
2021,Central Connecticut,NEC,70.3,83,92.5,320,48.5,244,19.7,215,23.7,283,28.4,254,112.0,336,53.9,313,20.1,93,32.9,326,30.4,150
2021,Houston Baptist,Slnd,72.6,18,92.5,321,48.7,226,22.6,328,25.8,237,28.2,258,111.4,331,54.1,315,18.6,176,31.1,282,28.2,94
2021,Troy,SB,68.2,173,92.4,322,44.4,336,21.4,296,28.3,154,33.1,131,105.0,228,51.3,224,18.0,221,26.4,110,30.5,153
2021,Tennessee Martin,OVC,67.4,220,92.3,323,45.6,318,21.0,282,28.7,142,28.3,256,113.3,346,57.3,341,20.6,72,32.9,327,36.5,285
2021,Grambling St.,SWAC,69.8,94,92.1,324,47.8,272,21.6,307,26.2,222,41.8,6,106.3,264,46.7,34,21.0,57,31.8,304,38.0,301
2021,UT Rio Grande Valley,WAC,69.6,103,91.8,325,43.0,344,19.0,178,30.0,104,37.7,33,102.8,187,48.1,85,24.1,6,34.1,340,43.5,337
2021,Lehigh,Pat,70.0,87,91.6,326,47.1,288,18.2,135,24.9,246,27.9,271,109.0,303,53.2,300,16.9,287,23.7,28,32.8,204
2021,New Mexico,MWC,67.7,195,91.6,327,43.9,340,21.6,305,32.0,56,32.9,139,103.5,196,53.1,297,19.8,109,29.7,244,35.7,278
2021,Marist,MAAC,66.1,280,91.6,328,49.1,210,21.4,298,23.0,302,31.5,171,101.3,155,45.7,15,18.0,222,25.4,75,32.2,189
2021,Southern,SWAC,70.6,71,91.5,329,48.0,261,22.0,316,29.8,110,40.5,13,104.3,216,47.3,47,20.7,69,26.6,124,40.8,327
2021,Dixie St.,WAC,73.1,15,91.3,330,45.5,319,20.9,277,24.7,254,35.4,72,107.0,274,52.0,255,19.7,115,32.6,323,36.5,288
2021,Arkansas Pine Bluff,SWAC,67.0,242,91.2,331,43.2,343,22.5,327,27.2,185,38.6,23,114.7,354,54.1,316,18.4,199,32.2,314,38.3,306
2021,Middle Tennessee,CUSA,69.2,117,91.2,332,45.4,323,21.7,309,24.9,248,24.9,321,103.9,207,53.0,291,19.8,111,25.9,91,28.8,111
2021,Alcorn St.,SWAC,69.5,111,91.1,333,44.4,338,20.4,254,30.1,100,34.0,105,110.2,317,55.4,336,22.1,31,30.5,271,50.1,346
2021,Coppin St.,MEAC,76.8,1,91.0,334,48.6,241,20.0,228,18.4,341,43.8,2,102.6,183,47.9,72,20.4,79,32.5,321,27.0,62
2021,Delaware St.,MEAC,73.3,12,90.9,335,45.7,316,22.3,322,26.3,218,29.8,219,115.4,355,54.7,326,18.7,168,32.3,318,45.5,341
2021,Merrimack,NEC,66.5,263,90.7,336,51.4,96,19.9,225,20.8,329,31.0,183,102.1,173,48.0,74,21.8,40,31.6,297,33.0,208
2021,Presbyterian,BSth,65.7,297,90.6,337,46.7,300,23.1,334,32.6,40,35.2,77,106.1,258,52.9,288,22.3,27,28.4,190,41.7,332
2021,Idaho,BSky,66.8,250,90.6,338,48.5,242,24.0,345,22.0,319,29.6,226,113.6,349,54.3,319,17.1,277,29.7,243,35.8,279
2021,Saint Peter's,MAAC,66.7,253,90.4,339,45.6,317,21.8,313,30.4,94,32.7,146,95.8,61,44.9,8,22.5,20,27.8,164,39.5,319
2021,Tennessee St.,OVC,71.2,49,90.2,340,47.0,291,20.9,274,24.8,249,32.7,147,104.9,227,50.9,209,22.1,32,30.6,273,44.5,339
2021,Florida A&M,MEAC,68.4,161,90.2,341,48.6,236,23.9,342,30.6,86,29.8,216,100.9,144,47.9,69,21.5,52,31.8,306,33.9,235
2021,Bethune Cookman,MEAC,72.3,25,90.1,342,0.0,348,100.0,348,0.0,348,0.0,348,112.7,343,100.0,348,0.0,348,100.0,348,100.0,348
2021,Cal Poly,BW,66.8,248,90.1,343,44.5,334,20.3,248,22.0,320,29.5,228,105.9,253,50.6,193,18.1,210,29.9,248,36.5,287
2021,Charleston Southern,BSth,69.6,106,89.8,344,46.5,302,23.6,339,27.4,181,30.1,206,108.3,292,50.7,196,17.6,252,31.2,284,34.4,249
2021,Quinnipiac,MAAC,72.0,31,89.6,345,46.9,296,19.4,194,21.2,326,35.4,74,100.8,140,44.2,4,17.2,275,27.8,167,32.7,201
2021,Manhattan,MAAC,67.1,233,89.5,346,42.6,345,20.7,266,31.9,57,35.5,71,103.7,202,47.9,70,22.4,23,29.6,240,46.8,345
2021,Texas A&M Corpus Chris,Slnd,69.6,105,89.4,347,46.9,294,23.8,341,24.6,257,34.8,80,108.8,300,51.7,243,19.3,134,29.3,228,31.2,165
2021,Chicago St.,WAC,67.5,212,88.3,348,41.3,347,21.7,310,16.6,346,25.4,318,118.1,356,60.1,347,16.2,307,37.9,347,32.8,205
2021,Jackson St.,SWAC,68.4,159,88.1,349,44.5,333,21.1,287,29.1,132,42.0,5,97.7,92,43.8,1,22.1,34,26.6,128,41.2,330
2021,Kennesaw St.,ASun,69.3,113,87.8,350,45.8,314,20.6,261,24.1,274,30.6,195,105.4,238,52.2,262,17.1,279,25.2,69,32.7,202
2021,South Carolina St.,MEAC,71.6,40,87.2,351,44.9,330,23.9,344,26.2,220,27.8,275,112.4,339,55.6,338,22.6,19,33.4,333,35.7,275
2021,Fordham,A10,63.7,343,86.3,352,41.4,346,20.8,272,19.2,339,27.5,277,99.3,119,51.4,232,19.2,141,30.4,265,27.7,81
2021,Maine,AE,64.5,330,85.9,353,45.1,327,25.0,347,23.8,279,27.2,280,105.9,251,48.7,111,20.8,68,30.5,267,30.9,161
2021,Alabama A&M,SWAC,67.5,209,84.8,354,44.8,331,21.4,299,28.2,157,31.8,162,105.8,250,44.0,3,18.0,220,29.4,232,37.4,297
2021,Alabama St.,SWAC,70.8,63,84.4,355,43.5,342,22.3,323,29.5,116,42.7,4,110.3,319,48.9,124,20.6,73,29.6,237,36.9,294
2021,Maryland Eastern Shore,MEAC,67.8,192,83.9,356,0.0,348,100.0,348,0.0,348,0.0,348,111.5,333,100.0,348,0.0,348,100.0,348,100.0,348
2021,Mississippi Valley St.,SWAC,71.1,50,79.4,357,43.6,341,24.3,346,18.1,342,24.7,323,120.7,357,54.9,332,14.5,338,35.8,344,32.5,200
